time,.header.seq,.header.stamp.secs,.header.stamp.nsecs,.header.frame_id,.ch0,.ch1,.ch2,.ch3,.ch4,.ch5,.ch6,.ch7
2017/05/27/11:46:55.350726,117343,1495856815,350457906,0,87,92,204,192,122,81,65,44
2017/05/27/11:46:55.381323,117344,1495856815,381099939,0,99,104,226,204,124,95,67,48
2017/05/27/11:46:55.388242,117345,1495856815,388036966,0,90,111,250,220,138,104,62,55
2017/05/27/11:46:55.418092,117346,1495856815,417887926,0,89,112,265,230,142,132,147,102
2017/05/27/11:46:55.440683,117347,1495856815,440438032,0,90,109,249,214,132,149,162,113
2017/05/27/11:46:55.455663,117348,1495856815,455415010,0,94,106,222,183,130,154,196,132
2017/05/27/11:46:55.471633,117349,1495856815,471462965,0,91,125,286,221,131,171,217,137
2017/05/27/11:46:55.493108,117350,1495856815,492911100,0,131,200,345,260,143,185,224,165
2017/05/27/11:46:55.514117,117351,1495856815,513921976,0,150,315,426,305,168,175,181,144
2017/05/27/11:46:55.530599,117352,1495856815,530390977,0,163,429,439,314,171,160,170,139
2017/05/27/11:46:55.551955,117353,1495856815,551652908,0,170,448,444,316,210,153,139,147
2017/05/27/11:46:55.574470,117354,1495856815,574084997,0,178,450,407,298,219,138,131,151
2017/05/27/11:46:55.598111,117355,1495856815,597898006,0,220,465,388,279,216,126,122,122
2017/05/27/11:46:55.611604,117356,1495856815,611430883,0,288,469,338,236,201,117,125,125
2017/05/27/11:46:55.634156,117357,1495856815,633970975,0,305,414,417,311,240,130,127,126
2017/05/27/11:46:55.666418,117358,1495856815,666126966,0,309,399,416,313,207,142,119,96
2017/05/27/11:46:55.671577,117359,1495856815,671410083,0,309,411,414,304,213,155,92,88
2017/05/27/11:46:55.694150,117360,1495856815,693945884,0,297,426,428,331,222,149,84,80
2017/05/27/11:46:55.710623,117361,1495856815,710433006,0,256,367,403,328,221,157,83,82
2017/05/27/11:46:55.731660,117362,1495856815,731482982,0,241,327,297,248,196,168,78,80
2017/05/27/11:46:55.754213,117363,1495856815,754014968,0,241,339,297,249,199,168,82,82
2017/05/27/11:46:55.770562,117364,1495856815,770399093,0,239,384,441,325,188,149,80,82
2017/05/27/11:46:55.791740,117365,1495856815,791479110,0,213,335,409,293,161,146,78,79
2017/05/27/11:46:55.830509,117366,1495856815,830302000,0,435,370,437,329,158,139,78,100
2017/05/27/11:46:55.831943,117367,1495856815,831830978,0,441,380,474,357,162,123,78,100
2017/05/27/11:46:55.851587,117368,1495856815,851449966,0,448,379,475,353,158,109,73,101
2017/05/27/11:46:55.881759,117369,1495856815,881479978,0,456,340,424,328,183,116,65,95
2017/05/27/11:46:55.890638,117370,1495856815,890439033,0,453,353,497,370,215,159,74,98
2017/05/27/11:46:55.911720,117371,1495856815,911474943,0,263,351,483,342,227,167,88,93
2017/05/27/11:46:55.934122,117372,1495856815,933938980,0,448,382,474,313,208,156,85,113
2017/05/27/11:46:55.950581,117373,1495856815,950408935,0,451,374,534,360,213,157,84,111
2017/05/27/11:46:55.971610,117374,1495856815,971440076,0,451,357,481,339,198,156,90,116
2017/05/27/11:46:55.994319,117375,1495856815,994012117,0,455,336,404,287,170,113,88,123
2017/05/27/11:46:56.010595,117376,1495856816,10402917,0,438,305,464,294,149,103,72,107
2017/05/27/11:46:56.031535,117377,1495856816,31385898,0,242,262,492,327,157,116,77,85
2017/05/27/11:46:56.054100,117378,1495856816,53926944,0,217,321,489,295,154,117,79,85
2017/05/27/11:46:56.070590,117379,1495856816,70421934,0,200,332,494,291,172,134,72,81
2017/05/27/11:46:56.093146,117380,1495856816,92885017,0,193,331,486,296,177,132,70,72
2017/05/27/11:46:56.114147,117381,1495856816,113964080,0,182,341,414,274,183,134,67,67
2017/05/27/11:46:56.130513,117382,1495856816,130350112,0,163,359,412,281,199,149,66,68
2017/05/27/11:46:56.160531,117383,1495856816,160378932,0,168,378,508,397,260,181,76,74
2017/05/27/11:46:56.174168,117384,1495856816,173943996,0,165,376,532,414,253,167,76,72
2017/05/27/11:46:56.190649,117385,1495856816,190396070,0,156,461,556,435,276,198,86,82
2017/05/27/11:46:56.213128,117386,1495856816,212935924,0,142,442,580,459,278,193,87,86
2017/05/27/11:46:56.234112,117387,1495856816,233916044,0,132,417,556,438,267,188,83,84
2017/05/27/11:46:56.258105,117388,1495856816,257915019,0,120,377,424,323,218,177,74,79
2017/05/27/11:46:56.273798,117389,1495856816,273571014,0,109,378,376,287,218,198,79,77
2017/05/27/11:46:56.294327,117390,1495856816,294048070,0,96,353,409,295,191,178,71,68
2017/05/27/11:46:56.316639,117391,1495856816,316422939,0,87,378,378,277,219,181,72,64
2017/05/27/11:46:56.333085,117392,1495856816,332899093,0,85,402,458,322,220,179,73,61
2017/05/27/11:46:56.354111,117393,1495856816,353918075,0,88,423,490,332,238,192,85,69
2017/05/27/11:46:56.376984,117394,1495856816,376530885,0,87,417,500,336,224,171,81,71
2017/05/27/11:46:56.393278,117395,1495856816,392937898,0,77,338,443,291,217,160,75,70
2017/05/27/11:46:56.414182,117396,1495856816,413921117,0,77,307,474,297,212,175,75,69
2017/05/27/11:46:56.436614,117397,1495856816,436418056,0,72,274,380,244,201,169,73,63
2017/05/27/11:46:56.453302,117398,1495856816,452945947,0,64,258,402,250,174,133,49,52
2017/05/27/11:46:56.474318,117399,1495856816,473936080,0,66,290,398,240,175,132,46,50
2017/05/27/11:46:56.496578,117400,1495856816,496375083,0,66,328,454,275,182,136,45,44
2017/05/27/11:46:56.513303,117401,1495856816,512950897,0,65,344,430,260,159,118,44,49
2017/05/27/11:46:56.534248,117402,1495856816,533993005,0,74,346,454,282,214,118,54,65
2017/05/27/11:46:56.556868,117403,1495856816,556508064,0,75,317,419,295,244,144,67,67
2017/05/27/11:46:56.573105,117404,1495856816,572918891,0,79,312,438,328,262,154,79,72
2017/05/27/11:46:56.594291,117405,1495856816,593978881,0,87,369,479,337,256,151,81,78
2017/05/27/11:46:56.619326,117406,1495856816,619133949,0,94,377,522,368,267,148,92,85
2017/05/27/11:46:56.633098,117407,1495856816,632917881,0,93,376,520,348,233,154,86,74
2017/05/27/11:46:56.654237,117408,1495856816,653960943,0,97,417,502,315,198,139,83,82
2017/05/27/11:46:56.676578,117409,1495856816,676435947,0,98,446,497,300,179,125,74,82
2017/05/27/11:46:56.693237,117410,1495856816,692950010,0,93,407,426,270,186,125,74,78
2017/05/27/11:46:56.714148,117411,1495856816,713933944,0,93,493,379,235,208,141,64,71
2017/05/27/11:46:56.736593,117412,1495856816,736399888,0,87,544,352,229,217,137,65,71
2017/05/27/11:46:56.753082,117413,1495856816,752885103,0,80,528,339,268,233,146,68,71
2017/05/27/11:46:56.774082,117414,1495856816,773919105,0,72,492,345,271,231,148,71,69
2017/05/27/11:46:56.796917,117415,1495856816,796538114,0,76,476,393,290,234,155,75,71
2017/05/27/11:46:56.813082,117416,1495856816,812885046,0,74,380,399,322,227,146,80,70
2017/05/27/11:46:56.834321,117417,1495856816,833935976,0,72,308,410,330,217,142,80,70
2017/05/27/11:46:56.865643,117418,1495856816,865416049,0,73,316,417,312,192,117,69,57
2017/05/27/11:46:56.873223,117419,1495856816,872879028,0,80,326,396,296,228,129,68,65
2017/05/27/11:46:56.894130,117420,1495856816,893939971,0,79,324,451,335,239,132,64,64
2017/05/27/11:46:56.916935,117421,1495856816,916542053,0,80,346,451,348,238,130,56,60
2017/05/27/11:46:56.939237,117422,1495856816,938999891,0,87,402,454,359,256,145,72,67
2017/05/27/11:46:56.961559,117423,1495856816,961383104,0,90,383,517,380,272,170,82,70
2017/05/27/11:46:56.976758,117424,1495856816,976500988,0,89,416,525,390,246,170,90,67
2017/05/27/11:46:56.993198,117425,1495856816,992938041,0,92,446,561,403,251,159,89,65
2017/05/27/11:46:57.014898,117426,1495856817,14631032,0,93,492,555,360,241,159,89,70
2017/05/27/11:46:57.036635,117427,1495856817,36417961,0,91,460,554,368,295,164,82,68
2017/05/27/11:46:57.053137,117428,1495856817,52920103,0,89,467,546,370,285,136,74,65
2017/05/27/11:46:57.074260,117429,1495856817,73973894,0,104,468,644,461,349,141,66,68
2017/05/27/11:46:57.096638,117430,1495856817,96394062,0,107,458,541,402,362,147,70,75
2017/05/27/11:46:57.113330,117431,1495856817,112956047,0,104,377,532,408,376,146,73,78
2017/05/27/11:46:57.141557,117432,1495856817,141381025,0,101,397,569,422,342,121,71,76
2017/05/27/11:46:57.158118,117433,1495856817,157893896,0,112,425,570,449,365,134,77,76
2017/05/27/11:46:57.173089,117434,1495856817,172895908,0,93,421,452,365,320,132,81,70
2017/05/27/11:46:57.194330,117435,1495856817,194016933,0,88,408,434,368,294,131,75,62
2017/05/27/11:46:57.216658,117436,1495856817,216414928,0,90,415,433,357,274,130,72,56
2017/05/27/11:46:57.233236,117437,1495856817,232966899,0,99,421,361,313,265,135,72,55
2017/05/27/11:46:57.254200,117438,1495856817,253942012,0,108,443,296,239,246,129,71,58
2017/05/27/11:46:57.276849,117439,1495856817,276495933,0,113,430,312,220,221,110,64,63
2017/05/27/11:46:57.293021,117440,1495856817,292855024,0,111,448,356,239,222,126,73,71
2017/05/27/11:46:57.321723,117441,1495856817,321501970,0,109,446,371,255,245,126,75,72
2017/05/27/11:46:57.336682,117442,1495856817,336431026,0,106,448,395,255,237,125,69,72
2017/05/27/11:46:57.360820,117443,1495856817,360450983,0,113,520,424,259,245,130,72,76
2017/05/27/11:46:57.375544,117444,1495856817,375365018,0,110,516,398,250,255,132,72,72
2017/05/27/11:46:57.398170,117445,1495856817,397885084,0,111,500,363,217,246,107,61,62
2017/05/27/11:46:57.413301,117446,1495856817,412926912,0,130,561,467,307,246,104,60,69
2017/05/27/11:46:57.435611,117447,1495856817,435415983,0,132,566,474,310,237,100,65,72
2017/05/27/11:46:57.456641,117448,1495856817,456403017,0,109,446,456,311,217,87,57,65
2017/05/27/11:46:57.473046,117449,1495856817,472891092,0,114,455,494,319,209,85,58,67
2017/05/27/11:46:57.495616,117450,1495856817,495383977,0,125,527,526,342,233,95,59,72
2017/05/27/11:46:57.516610,117451,1495856817,516402959,0,105,481,416,242,199,99,62,70
2017/05/27/11:46:57.539116,117452,1495856817,538913011,0,109,481,466,306,225,99,65,73
2017/05/27/11:46:57.555577,117453,1495856817,555349111,0,126,521,444,296,215,100,65,72
2017/05/27/11:46:57.578164,117454,1495856817,577894926,0,139,533,451,305,277,109,65,70
2017/05/27/11:46:57.600623,117455,1495856817,600405931,0,145,506,457,308,254,105,75,73
2017/05/27/11:46:57.615564,117456,1495856817,615376949,0,148,522,488,333,264,92,70,66
2017/05/27/11:46:57.638374,117457,1495856817,638051033,0,140,498,445,282,235,86,65,65
2017/05/27/11:46:57.659193,117458,1495856817,658953905,0,125,476,455,285,252,87,70,74
2017/05/27/11:46:57.675583,117459,1495856817,675398111,0,110,468,428,286,209,96,82,78
2017/05/27/11:46:57.696579,117460,1495856817,696397066,0,95,494,374,295,232,107,77,73
2017/05/27/11:46:57.713066,117461,1495856817,712888002,0,117,530,360,284,232,110,77,75
2017/05/27/11:46:57.734247,117462,1495856817,733990907,0,120,522,329,278,237,119,83,81
2017/05/27/11:46:57.756602,117463,1495856817,756405115,0,121,514,395,295,234,124,80,81
2017/05/27/11:46:57.779109,117464,1495856817,778899908,0,116,532,394,312,227,109,66,74
2017/05/27/11:46:57.794151,117465,1495856817,793937921,0,108,449,385,277,219,109,69,75
2017/05/27/11:46:57.816636,117466,1495856817,816426992,0,79,359,359,265,219,137,83,86
2017/05/27/11:46:57.839315,117467,1495856817,839009046,0,77,393,403,292,228,134,81,81
2017/05/27/11:46:57.855601,117468,1495856817,855403900,0,76,404,351,277,223,130,81,73
2017/05/27/11:46:57.884229,117469,1495856817,883977890,0,76,349,340,238,212,129,82,73
2017/05/27/11:46:57.899094,117470,1495856817,898915052,0,73,345,381,239,247,135,80,76
2017/05/27/11:46:57.915595,117471,1495856817,915381908,0,74,379,395,242,246,106,65,59
2017/05/27/11:46:57.938082,117472,1495856817,937889099,0,75,366,352,203,237,104,64,55
2017/05/27/11:46:57.959159,117473,1495856817,958976984,0,94,444,321,216,245,98,62,58
2017/05/27/11:46:57.975538,117474,1495856817,975359916,0,106,465,344,251,258,107,62,65
2017/05/27/11:46:58.004258,117475,1495856818,3989934,0,113,478,325,252,212,102,61,66
2017/05/27/11:46:58.019112,117476,1495856818,18902063,0,113,466,326,249,266,108,61,71
2017/05/27/11:46:58.043147,117477,1495856818,42903900,0,118,494,436,352,296,116,65,73
2017/05/27/11:46:58.056635,117478,1495856818,56482076,0,105,410,443,355,306,134,71,74
2017/05/27/11:46:58.079072,117479,1495856818,78912973,0,94,421,418,333,345,126,68,67
2017/05/27/11:46:58.095690,117480,1495856818,95397949,0,82,422,411,329,340,115,66,59
2017/05/27/11:46:58.118760,117481,1495856818,116475105,0,78,421,403,328,295,109,65,52
2017/05/27/11:46:58.139361,117482,1495856818,139023065,0,68,384,298,216,270,109,64,50
2017/05/27/11:46:58.155636,117483,1495856818,155466079,0,62,371,286,188,256,88,58,47
2017/05/27/11:46:58.176629,117484,1495856818,176469087,0,59,365,286,182,181,99,61,49
2017/05/27/11:46:58.199189,117485,1495856818,198903083,0,70,406,291,192,220,110,60,50
2017/05/27/11:46:58.215568,117486,1495856818,215393066,0,72,405,335,234,220,112,63,53
2017/05/27/11:46:58.236619,117487,1495856818,236428022,0,73,425,324,265,287,119,60,49
2017/05/27/11:46:58.259239,117488,1495856818,258968114,0,72,435,335,260,278,118,63,46
2017/05/27/11:46:58.275579,117489,1495856818,275389909,0,75,437,325,266,273,113,64,46
2017/05/27/11:46:58.296607,117490,1495856818,296418905,0,75,390,317,264,286,110,68,46
2017/05/27/11:46:58.319240,117491,1495856818,318979024,0,82,386,268,232,295,115,70,48
2017/05/27/11:46:58.335570,117492,1495856818,335400104,0,77,356,255,203,264,106,69,50
2017/05/27/11:46:58.356496,117493,1495856818,356374979,0,76,347,241,215,275,107,67,53
2017/05/27/11:46:58.379071,117494,1495856818,378911018,0,74,301,257,200,277,107,66,53
2017/05/27/11:46:58.395512,117495,1495856818,395359992,0,72,373,240,191,241,103,63,50
2017/05/27/11:46:58.416733,117496,1495856818,416471004,0,59,350,221,176,229,99,66,49
2017/05/27/11:46:58.439023,117497,1495856818,438853979,0,61,345,240,182,207,103,66,49
2017/05/27/11:46:58.457096,117498,1495856818,455382108,0,74,396,268,194,197,115,65,48
2017/05/27/11:46:58.476628,117499,1495856818,476473093,0,70,383,249,195,203,134,65,46
2017/05/27/11:46:58.499159,117500,1495856818,498984098,0,62,296,257,206,213,138,67,48
2017/05/27/11:46:58.515501,117501,1495856818,515347003,0,66,339,304,231,223,136,61,49
2017/05/27/11:46:58.536838,117502,1495856818,536576986,0,77,389,325,234,217,130,61,51
2017/05/27/11:46:58.559166,117503,1495856818,558964967,0,66,338,312,212,224,122,61,51
2017/05/27/11:46:58.575670,117504,1495856818,575458049,0,75,357,318,222,247,105,64,54
2017/05/27/11:46:58.596589,117505,1495856818,596412897,0,78,368,303,204,236,93,61,54
2017/05/27/11:46:58.619171,117506,1495856818,618952035,0,75,333,269,178,220,91,56,49
2017/05/27/11:46:58.635572,117507,1495856818,635387897,0,60,301,206,153,242,88,48,44
2017/05/27/11:46:58.664166,117508,1495856818,663906097,0,62,284,167,156,242,84,52,44
2017/05/27/11:46:58.679173,117509,1495856818,678941011,0,55,277,177,150,242,83,56,39
2017/05/27/11:46:58.695572,117510,1495856818,695372104,0,50,290,180,161,253,90,57,36
2017/05/27/11:46:58.716586,117511,1495856818,716403007,0,55,320,185,168,257,90,60,38
2017/05/27/11:46:58.739205,117512,1495856818,738933086,0,53,267,184,166,253,90,63,38
2017/05/27/11:46:58.763356,117513,1495856818,762918949,0,49,278,186,160,248,100,62,33
2017/05/27/11:46:58.776562,117514,1495856818,776384115,0,51,327,159,141,270,105,56,36
2017/05/27/11:46:58.799323,117515,1495856818,798994064,0,58,332,205,157,279,117,62,45
2017/05/27/11:46:58.821692,117516,1495856818,821469068,0,55,314,187,152,283,118,61,48
2017/05/27/11:46:58.836798,117517,1495856818,836452007,0,53,312,203,165,282,120,60,50
2017/05/27/11:46:58.859062,117518,1495856818,858916044,0,50,303,228,185,271,113,56,49
2017/05/27/11:46:58.881750,117519,1495856818,881503105,0,46,229,226,191,265,105,58,49
2017/05/27/11:46:58.896693,117520,1495856818,896440982,0,38,202,184,171,254,94,55,44
2017/05/27/11:46:58.919207,117521,1495856818,918960094,0,35,172,174,166,271,93,54,40
2017/05/27/11:46:58.941634,117522,1495856818,941426038,0,42,172,154,155,253,102,58,39
2017/05/27/11:46:58.956696,117523,1495856818,956419944,0,44,179,182,166,253,99,60,42
2017/05/27/11:46:58.986735,117524,1495856818,986430883,0,46,189,192,160,220,97,55,37
2017/05/27/11:46:59.001868,117525,1495856819,1535892,0,46,183,196,161,202,94,51,35
2017/05/27/11:46:59.016627,117526,1495856819,16419887,0,49,188,205,171,212,101,54,35
2017/05/27/11:46:59.039107,117527,1495856819,38902997,0,44,182,213,173,197,90,54,36
2017/05/27/11:46:59.061762,117528,1495856819,61486959,0,49,184,169,163,219,99,55,36
2017/05/27/11:46:59.076586,117529,1495856819,76395988,0,46,183,173,172,212,99,58,40
2017/05/27/11:46:59.099067,117530,1495856819,98875045,0,45,173,176,171,217,95,56,43
2017/05/27/11:46:59.121714,117531,1495856819,121489048,0,45,180,180,167,189,90,55,40
2017/05/27/11:46:59.136709,117532,1495856819,136461019,0,48,194,208,174,203,93,50,38
2017/05/27/11:46:59.159158,117533,1495856819,158936023,0,43,168,210,159,187,83,45,36
2017/05/27/11:46:59.181602,117534,1495856819,181422948,0,43,151,209,145,180,79,44,32
2017/05/27/11:46:59.198132,117535,1495856819,197926044,0,40,151,207,144,184,86,48,33
2017/05/27/11:46:59.219219,117536,1495856819,219043016,0,41,156,206,136,184,78,43,34
2017/05/27/11:46:59.241589,117537,1495856819,241401910,0,44,156,225,134,176,75,51,36
2017/05/27/11:46:59.258119,117538,1495856819,257891893,0,43,176,222,120,190,77,54,37
2017/05/27/11:46:59.279108,117539,1495856819,278913974,0,46,185,237,142,200,79,62,42
2017/05/27/11:46:59.301586,117540,1495856819,301395893,0,47,182,264,141,210,74,62,39
2017/05/27/11:46:59.324271,117541,1495856819,324052095,0,44,171,265,143,201,79,63,41
2017/05/27/11:46:59.339091,117542,1495856819,338916063,0,43,164,241,159,215,84,60,40
2017/05/27/11:46:59.361698,117543,1495856819,361479043,0,44,141,265,158,232,102,60,42
2017/05/27/11:46:59.378050,117544,1495856819,377871036,0,43,131,244,145,224,111,51,40
2017/05/27/11:46:59.399133,117545,1495856819,398910999,0,44,139,217,152,214,113,50,38
2017/05/27/11:46:59.429233,117546,1495856819,428978919,0,48,152,237,157,215,115,52,42
2017/05/27/11:46:59.438100,117547,1495856819,437865018,0,45,150,219,136,206,109,48,41
2017/05/27/11:46:59.459093,117548,1495856819,458872079,0,44,152,177,139,194,94,44,40
2017/05/27/11:46:59.481594,117549,1495856819,481401920,0,43,143,175,140,198,92,48,38
2017/05/27/11:46:59.498181,117550,1495856819,497921943,0,42,148,180,135,202,94,46,38
2017/05/27/11:46:59.519088,117551,1495856819,518907070,0,40,134,176,142,193,86,44,34
2017/05/27/11:46:59.541677,117552,1495856819,541462898,0,41,126,180,140,195,94,45,34
2017/05/27/11:46:59.558070,117553,1495856819,557848930,0,41,127,176,135,182,93,45,33
2017/05/27/11:46:59.579132,117554,1495856819,578948974,0,41,136,188,134,175,87,39,35
2017/05/27/11:46:59.608795,117555,1495856819,602713108,0,43,122,209,142,197,84,41,36
2017/05/27/11:46:59.618030,117556,1495856819,617827892,0,38,110,183,123,200,87,41,35
2017/05/27/11:46:59.639105,117557,1495856819,638904094,0,36,104,170,115,203,78,40,32
2017/05/27/11:46:59.661623,117558,1495856819,661436080,0,34,101,170,122,212,81,39,32
2017/05/27/11:46:59.684140,117559,1495856819,683916091,0,33,85,155,116,221,77,41,31
2017/05/27/11:46:59.699252,117560,1495856819,699028968,0,31,75,118,125,210,76,39,28
2017/05/27/11:46:59.721646,117561,1495856819,721460103,0,34,84,149,135,208,79,41,30
2017/05/27/11:46:59.744314,117562,1495856819,743988037,0,32,86,153,141,249,85,40,33
2017/05/27/11:46:59.759086,117563,1495856819,758883953,0,34,92,164,141,239,81,42,32
2017/05/27/11:46:59.781555,117564,1495856819,781373977,0,37,109,200,161,242,85,41,31
2017/05/27/11:46:59.804080,117565,1495856819,803879976,0,35,108,205,148,236,89,43,34
2017/05/27/11:46:59.819071,117566,1495856819,818869113,0,38,158,191,140,253,90,42,30
2017/05/27/11:46:59.841790,117567,1495856819,841393947,0,41,166,200,140,198,83,43,29
2017/05/27/11:46:59.864049,117568,1495856819,863874912,0,42,168,200,140,198,92,48,29
2017/05/27/11:46:59.879096,117569,1495856819,878921985,0,41,165,188,126,186,89,49,28
2017/05/27/11:46:59.901876,117570,1495856819,901546001,0,45,179,175,122,178,81,48,26
2017/05/27/11:46:59.924046,117571,1495856819,923882961,0,43,144,218,146,159,82,48,29
2017/05/27/11:46:59.939128,117572,1495856819,938925027,0,41,132,215,139,162,87,50,27
2017/05/27/11:46:59.971478,117573,1495856819,971265077,0,41,127,208,136,148,81,43,34
2017/05/27/11:46:59.985562,117574,1495856819,985363960,0,40,122,192,124,152,85,45,36
2017/05/27/11:46:59.999412,117575,1495856819,999025106,0,39,102,198,127,142,87,46,35
2017/05/27/11:47:00.023079,117576,1495856820,22871017,0,38,91,134,102,167,80,44,34
2017/05/27/11:47:00.044161,117577,1495856820,43961048,0,38,100,129,113,184,77,46,36
2017/05/27/11:47:00.059078,117578,1495856820,58896064,0,37,114,148,121,195,79,47,36
2017/05/27/11:47:00.081794,117579,1495856820,81461906,0,36,114,141,125,208,88,47,38
2017/05/27/11:47:00.108498,117580,1495856820,108306884,0,33,120,129,128,239,93,48,39
2017/05/27/11:47:00.120522,117581,1495856820,120364904,0,32,116,127,134,227,99,48,40
2017/05/27/11:47:00.141575,117582,1495856820,141402959,0,39,121,126,127,220,98,46,39
2017/05/27/11:47:00.176855,117583,1495856820,176301956,0,37,127,130,121,236,94,50,36
2017/05/27/11:47:00.179020,117584,1495856820,178833961,0,40,136,148,123,220,81,46,33
2017/05/27/11:47:00.201701,117585,1495856820,201478958,0,42,134,153,124,216,74,49,35
2017/05/27/11:47:00.224173,117586,1495856820,223963975,0,43,134,160,126,202,72,54,38
2017/05/27/11:47:00.240571,117587,1495856820,240359067,0,37,119,156,123,198,71,54,38
2017/05/27/11:47:00.261537,117588,1495856820,261408090,0,37,108,154,129,173,69,50,37
2017/05/27/11:47:00.284124,117589,1495856820,283938884,0,34,105,160,127,194,71,54,37
2017/05/27/11:47:00.299249,117590,1495856820,298954010,0,34,100,198,171,178,76,51,37
2017/05/27/11:47:00.323072,117591,1495856820,322896957,0,35,101,199,187,244,79,46,32
2017/05/27/11:47:00.344174,117592,1495856820,343955993,0,35,105,200,187,242,77,44,34
2017/05/27/11:47:00.359253,117593,1495856820,358980894,0,34,98,191,181,241,78,43,33
2017/05/27/11:47:00.381757,117594,1495856820,381450891,0,36,86,175,180,280,89,42,34
2017/05/27/11:47:00.404190,117595,1495856820,403989076,0,35,86,164,154,283,90,44,38
2017/05/27/11:47:00.426786,117596,1495856820,426516056,0,34,88,168,145,257,94,44,39
2017/05/27/11:47:00.441763,117597,1495856820,441546916,0,33,87,171,155,280,96,44,37
2017/05/27/11:47:00.464085,117598,1495856820,463905096,0,33,84,188,156,294,96,45,38
2017/05/27/11:47:00.480678,117599,1495856820,480376958,0,30,78,191,153,239,92,48,36
2017/05/27/11:47:00.503225,117600,1495856820,502924919,0,30,74,179,134,235,91,50,31
2017/05/27/11:47:00.524144,117601,1495856820,523917913,0,28,70,174,117,229,81,55,33
2017/05/27/11:47:00.540599,117602,1495856820,540400981,0,29,73,167,107,206,81,56,33
2017/05/27/11:47:00.561651,117603,1495856820,561438083,0,33,86,181,113,194,84,59,36
2017/05/27/11:47:00.584089,117604,1495856820,583885908,0,33,91,181,114,205,84,56,36
2017/05/27/11:47:00.606624,117605,1495856820,606404066,0,34,101,186,130,198,76,51,34
2017/05/27/11:47:00.621569,117606,1495856820,621417999,0,34,103,191,132,215,88,45,35
2017/05/27/11:47:00.644018,117607,1495856820,643856048,0,33,100,228,150,205,88,44,32
2017/05/27/11:47:00.668214,117608,1495856820,667867898,0,29,86,198,150,200,82,38,29
2017/05/27/11:47:00.681544,117609,1495856820,681370973,0,30,84,193,159,205,73,38,32
2017/05/27/11:47:00.704186,117610,1495856820,703931093,0,27,72,175,146,205,80,43,33
2017/05/27/11:47:00.728088,117611,1495856820,727890014,0,30,76,175,147,194,74,41,31
2017/05/27/11:47:00.741695,117612,1495856820,741421937,0,29,76,123,124,191,71,41,32
2017/05/27/11:47:00.764097,117613,1495856820,763921976,0,30,92,129,120,184,73,39,31
2017/05/27/11:47:00.786628,117614,1495856820,786461114,0,52,262,168,123,181,79,38,31
2017/05/27/11:47:00.801518,117615,1495856820,801367998,0,70,353,233,179,201,82,37,39
2017/05/27/11:47:00.824072,117616,1495856820,823885917,0,75,378,237,193,198,79,36,42
2017/05/27/11:47:00.846562,117617,1495856820,846399068,0,97,480,301,258,213,80,39,52
2017/05/27/11:47:00.861894,117618,1495856820,861735105,0,109,536,347,281,228,85,46,60
2017/05/27/11:47:00.891585,117619,1495856820,891391038,0,112,525,378,311,217,85,53,63
2017/05/27/11:47:00.906578,117620,1495856820,906389951,0,121,546,376,297,202,78,54,64
2017/05/27/11:47:00.921730,117621,1495856820,921514034,0,130,593,390,300,174,74,54,65
2017/05/27/11:47:00.944126,117622,1495856820,943960905,0,126,542,387,279,162,74,55,65
2017/05/27/11:47:00.966785,117623,1495856820,966423034,0,117,509,345,258,139,65,50,60
2017/05/27/11:47:00.983040,117624,1495856820,982877969,0,107,473,299,218,131,57,44,56
2017/05/27/11:47:01.005562,117625,1495856821,5367994,0,86,393,252,209,117,53,37,48
2017/05/27/11:47:01.026659,117626,1495856821,26451110,0,67,289,216,186,103,49,36,46
2017/05/27/11:47:01.043163,117627,1495856821,42876958,0,45,235,126,131,86,41,31,35
2017/05/27/11:47:01.064089,117628,1495856821,63865900,0,45,178,116,121,89,38,26,30
2017/05/27/11:47:01.086583,117629,1495856821,86374998,0,44,142,86,104,89,34,27,31
2017/05/27/11:47:01.101737,117630,1495856821,101423025,0,45,108,76,67,116,59,73,42
2017/05/27/11:47:01.124073,117631,1495856821,123878002,0,50,114,78,61,132,86,179,66
2017/05/27/11:47:01.146628,117632,1495856821,146410942,0,52,124,82,57,153,89,186,68
2017/05/27/11:47:01.161556,117633,1495856821,161382913,0,49,133,98,49,204,90,192,68
2017/05/27/11:47:01.184224,117634,1495856821,184035062,0,50,129,99,50,332,91,196,71
2017/05/27/11:47:01.206635,117635,1495856821,206420898,0,47,130,97,46,329,76,185,65
2017/05/27/11:47:01.221587,117636,1495856821,221379995,0,42,141,96,46,354,43,93,41
2017/05/27/11:47:01.244021,117637,1495856821,243868112,0,42,135,81,40,388,39,80,37
2017/05/27/11:47:01.266693,117638,1495856821,266422033,0,60,178,64,43,367,37,69,41
2017/05/27/11:47:01.283073,117639,1495856821,282835960,0,60,183,61,41,256,31,54,34
2017/05/27/11:47:01.309278,117640,1495856821,309086084,0,61,187,59,42,245,27,51,32
2017/05/27/11:47:01.326651,117641,1495856821,326421976,0,59,186,60,39,196,25,36,28
2017/05/27/11:47:01.343107,117642,1495856821,342885017,0,57,191,86,66,89,23,31,27
2017/05/27/11:47:01.364165,117643,1495856821,363955974,0,35,143,79,69,61,22,28,20
2017/05/27/11:47:01.389410,117644,1495856821,389110088,0,33,136,79,71,48,22,25,22
2017/05/27/11:47:01.403104,117645,1495856821,402884960,0,33,128,91,85,45,24,23,23
2017/05/27/11:47:01.424128,117646,1495856821,423897981,0,34,143,168,112,48,24,24,24
2017/05/27/11:47:01.446738,117647,1495856821,446455955,0,37,133,189,121,45,26,25,26
2017/05/27/11:47:01.463055,117648,1495856821,462863922,0,38,131,190,120,44,27,23,28
2017/05/27/11:47:01.484205,117649,1495856821,483896970,0,38,130,193,121,43,26,23,26
2017/05/27/11:47:01.506617,117650,1495856821,506386041,0,40,132,190,121,42,26,24,25
2017/05/27/11:47:01.529160,117651,1495856821,528908967,0,43,114,188,123,47,32,26,28
2017/05/27/11:47:01.544482,117652,1495856821,544152975,0,44,165,221,136,46,30,27,29
2017/05/27/11:47:01.566653,117653,1495856821,566423892,0,62,165,222,139,46,30,26,29
2017/05/27/11:47:01.589072,117654,1495856821,588923931,0,62,181,228,141,47,31,26,30
2017/05/27/11:47:01.604008,117655,1495856821,603874921,0,65,189,264,170,58,33,28,33
2017/05/27/11:47:01.626743,117656,1495856821,626446008,0,114,181,259,186,60,31,27,34
2017/05/27/11:47:01.649085,117657,1495856821,648910999,0,140,152,229,172,62,32,25,33
2017/05/27/11:47:01.664245,117658,1495856821,663995027,0,146,152,243,187,66,32,24,40
2017/05/27/11:47:01.688062,117659,1495856821,687875986,0,150,149,250,198,66,34,26,41
2017/05/27/11:47:01.709171,117660,1495856821,708971977,0,151,143,215,172,59,32,25,41
2017/05/27/11:47:01.724073,117661,1495856821,723938941,0,139,193,229,164,76,37,24,43
2017/05/27/11:47:01.746598,117662,1495856821,746414899,0,184,189,211,164,76,36,30,48
2017/05/27/11:47:01.769067,117663,1495856821,768945932,0,178,203,197,145,73,38,34,44
2017/05/27/11:47:01.784406,117664,1495856821,783931016,0,185,194,183,131,74,37,33,44
2017/05/27/11:47:01.806581,117665,1495856821,806366920,0,189,205,199,134,75,38,36,44
2017/05/27/11:47:01.829307,117666,1495856821,829052925,0,220,186,179,135,58,31,35,40
2017/05/27/11:47:01.844043,117667,1495856821,843858957,0,217,178,189,147,56,29,32,40
2017/05/27/11:47:01.866791,117668,1495856821,866493940,0,229,161,199,150,53,26,27,39
2017/05/27/11:47:01.889045,117669,1495856821,888881921,0,233,186,238,158,55,27,29,39
2017/05/27/11:47:01.904112,117670,1495856821,903932094,0,236,178,235,164,53,25,26,37
2017/05/27/11:47:01.927965,117671,1495856821,927828073,0,212,153,233,167,46,26,26,43
2017/05/27/11:47:01.949243,117672,1495856821,949018001,0,191,162,272,182,58,30,28,41
2017/05/27/11:47:01.964036,117673,1495856821,963901996,0,183,168,266,181,60,31,29,43
2017/05/27/11:47:01.986629,117674,1495856821,986402988,0,181,150,246,174,58,33,29,45
2017/05/27/11:47:02.008993,117675,1495856822,8836030,0,185,176,274,178,64,38,29,50
2017/05/27/11:47:02.024012,117676,1495856822,23866891,0,176,174,261,157,64,38,30,46
2017/05/27/11:47:02.046557,117677,1495856822,46390056,0,147,164,221,126,52,36,28,42
2017/05/27/11:47:02.069184,117678,1495856822,68975925,0,139,156,227,128,50,34,27,41
2017/05/27/11:47:02.084038,117679,1495856822,83878993,0,129,146,226,140,51,32,27,40
2017/05/27/11:47:02.106542,117680,1495856822,106373071,0,137,127,187,138,46,25,28,46
2017/05/27/11:47:02.129198,117681,1495856822,129003047,0,126,120,177,131,40,22,27,51
2017/05/27/11:47:02.144051,117682,1495856822,143906116,0,120,116,165,124,38,24,26,52
2017/05/27/11:47:02.167102,117683,1495856822,166913032,0,114,114,154,118,39,25,26,51
2017/05/27/11:47:02.189047,117684,1495856822,188903093,0,109,114,141,108,37,25,26,51
2017/05/27/11:47:02.204064,117685,1495856822,203866004,0,218,126,164,110,43,27,25,47
2017/05/27/11:47:02.226767,117686,1495856822,226444005,0,247,137,188,125,66,31,24,46
2017/05/27/11:47:02.249302,117687,1495856822,248979091,0,257,137,187,122,66,27,25,45
2017/05/27/11:47:02.264004,117688,1495856822,263869047,0,261,137,187,125,66,27,24,46
2017/05/27/11:47:02.286515,117689,1495856822,286360979,0,260,140,186,141,67,28,23,44
2017/05/27/11:47:02.309293,117690,1495856822,308967113,0,170,146,165,133,63,28,24,38
2017/05/27/11:47:02.331635,117691,1495856822,331450939,0,135,139,131,125,42,25,26,39
2017/05/27/11:47:02.346849,117692,1495856822,346489906,0,119,142,135,127,43,27,25,39
2017/05/27/11:47:02.369130,117693,1495856822,368901968,0,112,149,143,133,46,27,26,38
2017/05/27/11:47:02.384062,117694,1495856822,383896112,0,118,152,153,121,47,27,27,40
2017/05/27/11:47:02.406596,117695,1495856822,406404018,0,112,141,179,121,49,28,23,40
2017/05/27/11:47:02.429386,117696,1495856822,429024934,0,105,148,187,119,51,27,23,35
2017/05/27/11:47:02.444118,117697,1495856822,443905115,0,100,142,185,114,49,26,22,31
2017/05/27/11:47:02.466778,117698,1495856822,466494083,0,98,139,182,105,46,29,23,31
2017/05/27/11:47:02.489095,117699,1495856822,488925933,0,91,137,178,129,49,28,20,27
2017/05/27/11:47:02.511623,117700,1495856822,511431932,0,87,111,176,135,48,26,24,30
2017/05/27/11:47:02.526510,117701,1495856822,526360034,0,70,102,189,139,47,31,24,33
2017/05/27/11:47:02.549103,117702,1495856822,548904895,0,71,111,193,139,51,34,26,35
2017/05/27/11:47:02.579800,117703,1495856822,579566955,0,69,133,195,141,52,33,26,36
2017/05/27/11:47:02.586761,117704,1495856822,586443901,0,65,131,206,139,54,34,28,39
2017/05/27/11:47:02.609204,117705,1495856822,608963012,0,57,128,174,125,55,34,28,39
2017/05/27/11:47:02.631641,117706,1495856822,631443977,0,49,133,170,129,54,31,27,35
2017/05/27/11:47:02.646548,117707,1495856822,646347999,0,43,141,163,128,52,30,26,34
2017/05/27/11:47:02.669366,117708,1495856822,669013023,0,39,118,156,127,52,30,28,38
2017/05/27/11:47:02.691564,117709,1495856822,691411972,0,38,105,139,107,47,25,26,35
2017/05/27/11:47:02.706885,117710,1495856822,706490993,0,29,114,139,107,43,25,24,32
2017/05/27/11:47:02.729245,117711,1495856822,728921890,0,30,110,123,103,43,24,24,34
2017/05/27/11:47:02.751707,117712,1495856822,751435041,0,28,94,125,115,45,23,23,33
2017/05/27/11:47:02.766524,117713,1495856822,766360998,0,30,94,143,127,48,25,21,27
2017/05/27/11:47:02.797925,117714,1495856822,796386003,0,30,100,134,123,47,30,21,29
2017/05/27/11:47:02.820049,117715,1495856822,819715976,0,31,96,132,116,46,28,23,28
2017/05/27/11:47:02.826529,117716,1495856822,826354980,0,30,95,121,106,43,28,23,25
2017/05/27/11:47:02.849014,117717,1495856822,848848104,0,33,105,116,98,43,28,23,25
2017/05/27/11:47:02.871634,117718,1495856822,871346950,0,32,113,108,87,37,26,23,25
2017/05/27/11:47:02.886625,117719,1495856822,886430978,0,33,110,103,74,33,24,22,23
2017/05/27/11:47:02.909187,117720,1495856822,908991098,0,33,107,99,84,36,24,22,23
2017/05/27/11:47:02.931528,117721,1495856822,931354045,0,34,113,97,82,37,25,27,25
2017/05/27/11:47:02.946576,117722,1495856822,946376085,0,32,115,118,85,35,25,26,26
2017/05/27/11:47:02.969173,117723,1495856822,968902111,0,31,101,117,89,35,24,25,28
2017/05/27/11:47:02.991573,117724,1495856822,991410970,0,31,110,119,88,35,22,26,28
2017/05/27/11:47:03.006714,117725,1495856823,6459951,0,30,104,128,82,34,22,26,30
2017/05/27/11:47:03.029133,117726,1495856823,28938055,0,28,101,132,91,38,23,21,29
2017/05/27/11:47:03.051669,117727,1495856823,51461935,0,28,88,124,98,43,25,25,31
2017/05/27/11:47:03.069235,117728,1495856823,69037914,0,30,90,141,105,47,29,27,30
2017/05/27/11:47:03.089158,117729,1495856823,88861942,0,32,79,140,106,46,30,25,29
2017/05/27/11:47:03.111653,117730,1495856823,111450910,0,30,81,138,106,45,31,25,31
2017/05/27/11:47:03.126598,117731,1495856823,126398086,0,29,75,133,96,42,30,24,29
2017/05/27/11:47:03.149071,117732,1495856823,148906946,0,28,69,122,93,38,28,21,28
2017/05/27/11:47:03.171592,117733,1495856823,171369075,0,26,68,109,84,36,23,22,28
2017/05/27/11:47:03.186632,117734,1495856823,186433076,0,20,65,110,85,37,27,22,29
2017/05/27/11:47:03.209194,117735,1495856823,208967924,0,21,57,104,83,39,27,22,26
2017/05/27/11:47:03.231528,117736,1495856823,231395006,0,25,50,134,104,42,28,22,29
2017/05/27/11:47:03.246559,117737,1495856823,246376037,0,25,52,137,97,42,28,21,28
2017/05/27/11:47:03.269078,117738,1495856823,268877983,0,27,58,122,87,38,28,19,28
2017/05/27/11:47:03.291783,117739,1495856823,291506052,0,28,72,120,84,37,24,18,26
2017/05/27/11:47:03.306616,117740,1495856823,306423902,0,30,77,116,80,34,22,19,25
2017/05/27/11:47:03.329126,117741,1495856823,328922033,0,26,71,101,90,36,22,19,22
2017/05/27/11:47:03.351649,117742,1495856823,351435899,0,26,72,93,87,36,24,19,21
2017/05/27/11:47:03.366536,117743,1495856823,366365909,0,27,65,85,85,36,25,18,19
2017/05/27/11:47:03.389573,117744,1495856823,389247894,0,28,58,83,85,35,24,17,21
2017/05/27/11:47:03.411514,117745,1495856823,411355018,0,27,53,89,86,36,26,16,22
2017/05/27/11:47:03.426538,117746,1495856823,426356077,0,27,54,75,50,28,24,14,23
2017/05/27/11:47:03.449125,117747,1495856823,448949098,0,25,51,81,58,28,22,16,24
2017/05/27/11:47:03.471675,117748,1495856823,471412897,0,23,57,81,58,28,24,17,24
2017/05/27/11:47:03.494189,117749,1495856823,493879079,0,22,80,80,56,26,23,19,23
2017/05/27/11:47:03.509212,117750,1495856823,508929014,0,20,83,73,56,25,25,22,24
2017/05/27/11:47:03.533317,117751,1495856823,533020973,0,22,85,57,48,26,24,23,24
2017/05/27/11:47:03.554231,117752,1495856823,553879022,0,23,88,45,31,24,32,23,25
2017/05/27/11:47:03.569292,117753,1495856823,568990945,0,22,85,46,31,29,31,24,25
2017/05/27/11:47:03.591570,117754,1495856823,591396093,0,21,55,52,40,31,32,24,27
2017/05/27/11:47:03.614063,117755,1495856823,613890886,0,20,50,55,38,31,31,23,25
2017/05/27/11:47:03.629104,117756,1495856823,628910064,0,18,54,56,42,32,32,22,25
2017/05/27/11:47:03.653080,117757,1495856823,652852058,0,20,45,51,42,32,24,21,21
2017/05/27/11:47:03.674042,117758,1495856823,673886060,0,20,41,49,41,32,23,20,23
2017/05/27/11:47:03.689040,117759,1495856823,688894033,0,21,46,46,32,38,23,20,21
2017/05/27/11:47:03.711554,117760,1495856823,711384057,0,22,48,78,49,41,22,19,22
2017/05/27/11:47:03.734211,117761,1495856823,733922004,0,24,46,82,48,40,22,20,20
2017/05/27/11:47:03.749067,117762,1495856823,748902082,0,23,48,83,49,38,22,18,21
2017/05/27/11:47:03.771661,117763,1495856823,771471977,0,21,49,83,49,39,23,19,20
2017/05/27/11:47:03.794068,117764,1495856823,793881893,0,19,41,81,48,37,22,19,21
2017/05/27/11:47:03.809087,117765,1495856823,808876991,0,19,36,46,29,41,24,21,22
2017/05/27/11:47:03.831703,117766,1495856823,831383943,0,20,38,34,24,45,23,21,23
2017/05/27/11:47:03.854095,117767,1495856823,853904962,0,20,38,42,23,48,24,23,23
2017/05/27/11:47:03.869293,117768,1495856823,869018077,0,21,40,44,24,47,24,22,22
2017/05/27/11:47:03.891553,117769,1495856823,891428947,0,21,42,45,25,45,23,23,22
2017/05/27/11:47:03.914192,117770,1495856823,913882970,0,21,44,62,27,37,21,22,21
2017/05/27/11:47:03.929210,117771,1495856823,928914070,0,19,39,63,28,33,21,21,21
2017/05/27/11:47:03.951697,117772,1495856823,951414108,0,20,35,57,25,29,24,20,21
2017/05/27/11:47:03.974082,117773,1495856823,973867893,0,20,35,63,27,25,22,20,21
2017/05/27/11:47:03.989082,117774,1495856823,988890886,0,21,33,65,29,23,24,19,21
2017/05/27/11:47:04.011613,117775,1495856824,11413097,0,21,29,55,31,22,24,18,22
2017/05/27/11:47:04.034406,117776,1495856824,34038066,0,21,26,54,32,22,23,18,22
2017/05/27/11:47:04.049126,117777,1495856824,48893928,0,19,25,63,33,19,21,16,21
2017/05/27/11:47:04.071591,117778,1495856824,71387052,0,19,26,56,33,21,24,16,22
2017/05/27/11:47:04.094115,117779,1495856824,93925952,0,19,29,70,38,21,24,16,21
2017/05/27/11:47:04.109025,117780,1495856824,108805894,0,20,31,67,37,21,25,16,22
2017/05/27/11:47:04.131656,117781,1495856824,131382942,0,20,30,69,36,23,26,17,20
2017/05/27/11:47:04.154125,117782,1495856824,153935909,0,22,32,64,37,25,27,17,22
2017/05/27/11:47:04.169074,117783,1495856824,168888092,0,22,31,65,35,29,25,17,21
2017/05/27/11:47:04.191763,117784,1495856824,191454887,0,23,27,47,28,30,25,17,21
2017/05/27/11:47:04.214046,117785,1495856824,213856935,0,23,25,44,27,32,26,16,21
2017/05/27/11:47:04.229063,117786,1495856824,228872060,0,21,27,43,26,30,23,17,23
2017/05/27/11:47:04.251534,117787,1495856824,251364946,0,21,26,40,23,30,22,17,22
2017/05/27/11:47:04.277542,117788,1495856824,277142047,0,20,24,54,29,27,22,17,21
2017/05/27/11:47:04.289317,117789,1495856824,289041996,0,21,24,54,30,26,23,19,22
2017/05/27/11:47:04.311563,117790,1495856824,311394929,0,20,22,55,29,24,23,20,20
2017/05/27/11:47:04.334366,117791,1495856824,333890914,0,20,22,55,30,24,24,21,20
2017/05/27/11:47:04.349130,117792,1495856824,348925113,0,18,21,54,31,23,25,20,21
2017/05/27/11:47:04.377301,117793,1495856824,377156972,0,20,24,36,25,22,25,20,20
2017/05/27/11:47:04.394055,117794,1495856824,393870115,0,17,26,43,27,22,24,18,23
2017/05/27/11:47:04.416568,117795,1495856824,416399955,0,17,32,59,32,30,22,20,23
2017/05/27/11:47:04.431598,117796,1495856824,431406021,0,20,32,58,32,30,23,19,21
2017/05/27/11:47:04.454161,117797,1495856824,453944921,0,21,32,57,32,31,21,20,21
2017/05/27/11:47:04.476531,117798,1495856824,476372957,0,20,30,58,31,38,21,18,22
2017/05/27/11:47:04.491847,117799,1495856824,491480112,0,21,31,58,31,42,22,19,18
2017/05/27/11:47:04.514074,117800,1495856824,513868093,0,22,25,44,27,39,23,17,19
2017/05/27/11:47:04.536637,117801,1495856824,536339998,0,20,25,44,27,41,23,17,19
2017/05/27/11:47:04.551776,117802,1495856824,551443099,0,19,29,46,28,42,23,17,19
2017/05/27/11:47:04.574139,117803,1495856824,573874950,0,19,29,53,29,36,22,19,19
2017/05/27/11:47:04.596675,117804,1495856824,596441984,0,18,28,53,31,32,23,19,21
2017/05/27/11:47:04.611549,117805,1495856824,611368894,0,19,28,52,30,28,21,19,20
2017/05/27/11:47:04.634168,117806,1495856824,633924007,0,18,29,53,29,25,21,19,21
2017/05/27/11:47:04.656520,117807,1495856824,656351089,0,19,25,51,27,21,21,19,20
2017/05/27/11:47:04.671944,117808,1495856824,671453952,0,19,25,44,26,20,21,18,20
2017/05/27/11:47:04.694084,117809,1495856824,693872928,0,19,22,33,21,19,21,18,19
2017/05/27/11:47:04.716662,117810,1495856824,716388940,0,17,24,37,23,19,21,16,20
2017/05/27/11:47:04.731571,117811,1495856824,731386899,0,18,24,41,26,20,24,18,19
2017/05/27/11:47:04.754092,117812,1495856824,753880977,0,19,24,45,27,21,24,19,21
2017/05/27/11:47:04.776602,117813,1495856824,776424884,0,19,23,48,30,22,26,20,20
2017/05/27/11:47:04.791517,117814,1495856824,791317939,0,20,25,48,30,24,24,21,20
2017/05/27/11:47:04.814247,117815,1495856824,813956022,0,20,25,44,29,23,24,21,20
2017/05/27/11:47:04.836532,117816,1495856824,836337089,0,19,25,41,27,23,23,20,20
2017/05/27/11:47:04.851849,117817,1495856824,851507902,0,19,24,37,25,22,23,20,19
2017/05/27/11:47:04.874150,117818,1495856824,873866081,0,18,26,35,24,22,22,19,20
2017/05/27/11:47:04.896588,117819,1495856824,896387100,0,19,23,42,22,22,23,18,18
2017/05/27/11:47:04.911536,117820,1495856824,911375045,0,19,22,40,24,22,24,19,19
2017/05/27/11:47:04.934188,117821,1495856824,933906078,0,19,24,51,29,21,21,18,19
2017/05/27/11:47:04.956599,117822,1495856824,956387996,0,19,25,56,35,22,22,17,18
2017/05/27/11:47:04.971725,117823,1495856824,971472978,0,19,26,54,34,21,25,18,17
2017/05/27/11:47:04.994107,117824,1495856824,993901014,0,18,26,50,35,18,25,18,18
2017/05/27/11:47:05.016813,117825,1495856825,16489982,0,18,26,51,35,18,23,18,19
2017/05/27/11:47:05.031653,117826,1495856825,31375885,0,19,22,51,32,18,23,18,20
2017/05/27/11:47:05.054269,117827,1495856825,53968906,0,19,23,50,24,18,21,17,21
2017/05/27/11:47:05.076570,117828,1495856825,76381921,0,19,21,51,24,19,17,16,22
2017/05/27/11:47:05.091521,117829,1495856825,91336965,0,20,21,50,23,19,16,15,21
2017/05/27/11:47:05.114218,117830,1495856825,113918066,0,20,21,50,23,21,18,16,20
2017/05/27/11:47:05.136913,117831,1495856825,136456966,0,19,21,36,25,21,20,18,21
2017/05/27/11:47:05.151842,117832,1495856825,151372909,0,19,20,45,30,22,21,19,20
2017/05/27/11:47:05.174014,117833,1495856825,173852920,0,19,21,42,30,23,23,18,20
2017/05/27/11:47:05.196637,117834,1495856825,196342945,0,20,21,45,32,23,23,21,22
2017/05/27/11:47:05.211536,117835,1495856825,211360931,0,21,21,45,30,22,22,20,23
2017/05/27/11:47:05.234052,117836,1495856825,233854055,0,20,22,44,27,22,21,19,22
2017/05/27/11:47:05.256545,117837,1495856825,256352901,0,19,24,33,23,20,21,19,22
2017/05/27/11:47:05.271739,117838,1495856825,271460056,0,18,24,33,22,19,19,19,21
2017/05/27/11:47:05.294195,117839,1495856825,293853998,0,18,26,33,22,21,18,17,21
2017/05/27/11:47:05.316548,117840,1495856825,316354990,0,17,26,41,25,22,18,18,22
2017/05/27/11:47:05.339115,117841,1495856825,338896989,0,19,29,47,26,24,20,18,21
2017/05/27/11:47:05.354360,117842,1495856825,353967905,0,18,27,53,28,24,19,20,23
2017/05/27/11:47:05.376679,117843,1495856825,376405000,0,17,26,53,29,24,19,21,23
2017/05/27/11:47:05.399064,117844,1495856825,398878097,0,17,25,54,29,24,20,23,23
2017/05/27/11:47:05.414015,117845,1495856825,413825035,0,17,26,54,29,21,20,22,22
2017/05/27/11:47:05.436879,117846,1495856825,436450004,0,16,22,53,29,18,18,22,22
2017/05/27/11:47:05.459440,117847,1495856825,458935976,0,16,25,45,28,19,18,19,21
2017/05/27/11:47:05.474111,117848,1495856825,473906993,0,16,25,45,28,18,19,18,21
2017/05/27/11:47:05.496525,117849,1495856825,496336936,0,16,26,45,29,19,20,17,20
2017/05/27/11:47:05.519101,117850,1495856825,518889904,0,15,25,38,27,20,20,16,19
2017/05/27/11:47:05.534077,117851,1495856825,533864021,0,17,27,34,25,20,20,17,21
2017/05/27/11:47:05.556668,117852,1495856825,556368112,0,17,24,35,26,20,21,17,20
2017/05/27/11:47:05.579033,117853,1495856825,578867912,0,17,25,36,25,21,19,17,20
2017/05/27/11:47:05.595872,117854,1495856825,595407009,0,17,26,31,23,19,18,17,21
2017/05/27/11:47:05.616673,117855,1495856825,616364002,0,18,27,35,24,21,18,16,20
2017/05/27/11:47:05.639323,117856,1495856825,638892889,0,17,26,33,24,22,17,16,19
2017/05/27/11:47:05.654024,117857,1495856825,653836965,0,17,28,35,26,22,20,17,18
2017/05/27/11:47:05.677008,117858,1495856825,676475048,0,16,26,47,30,20,19,19,17
2017/05/27/11:47:05.699162,117859,1495856825,698950052,0,17,26,55,32,21,19,19,18
2017/05/27/11:47:05.714330,117860,1495856825,713923931,0,17,25,53,32,18,20,20,18
2017/05/27/11:47:05.736543,117861,1495856825,736358880,0,17,26,60,35,18,20,22,19
2017/05/27/11:47:05.759079,117862,1495856825,758868932,0,17,26,74,38,17,21,21,21
2017/05/27/11:47:05.774120,117863,1495856825,773909091,0,19,29,71,37,18,22,20,22
2017/05/27/11:47:05.796678,117864,1495856825,796459913,0,19,29,67,35,19,23,20,23
2017/05/27/11:47:05.819107,117865,1495856825,818912982,0,19,29,67,36,19,24,21,23
2017/05/27/11:47:05.834508,117866,1495856825,834278106,0,19,27,64,35,20,26,19,21
2017/05/27/11:47:05.856635,117867,1495856825,856357097,0,19,26,53,32,21,22,19,18
2017/05/27/11:47:05.879085,117868,1495856825,878878116,0,18,23,56,34,22,22,18,18
2017/05/27/11:47:05.894302,117869,1495856825,893878936,0,18,20,59,34,22,22,18,18
2017/05/27/11:47:05.916511,117870,1495856825,916321039,0,19,25,61,34,22,20,17,17
2017/05/27/11:47:05.939127,117871,1495856825,938839912,0,18,28,67,35,22,18,16,18
2017/05/27/11:47:05.954176,117872,1495856825,953874111,0,19,29,74,37,22,21,17,18
2017/05/27/11:47:05.976852,117873,1495856825,976373910,0,19,30,70,35,21,22,19,19
2017/05/27/11:47:05.999038,117874,1495856825,998857021,0,19,33,73,38,21,22,19,16
2017/05/27/11:47:06.014024,117875,1495856826,13865947,0,17,30,74,37,20,22,19,17
2017/05/27/11:47:06.036576,117876,1495856826,36320924,0,18,27,66,35,20,21,19,17
2017/05/27/11:47:06.059068,117877,1495856826,58892965,0,17,26,52,30,20,21,19,18
2017/05/27/11:47:06.074080,117878,1495856826,73932886,0,17,26,49,28,20,21,20,18
2017/05/27/11:47:06.096542,117879,1495856826,96385002,0,16,25,43,24,21,21,19,19
2017/05/27/11:47:06.119126,117880,1495856826,118931055,0,18,26,38,24,20,21,19,19
2017/05/27/11:47:06.133990,117881,1495856826,133831024,0,18,26,37,22,20,23,18,21
2017/05/27/11:47:06.156588,117882,1495856826,156382083,0,18,26,48,26,20,21,18,20
2017/05/27/11:47:06.179077,117883,1495856826,178900957,0,19,25,46,27,20,19,18,19
2017/05/27/11:47:06.196892,117884,1495856826,193857908,0,19,22,46,28,21,19,21,20
2017/05/27/11:47:06.216547,117885,1495856826,216378927,0,19,21,49,27,22,20,20,20
2017/05/27/11:47:06.239026,117886,1495856826,238850116,0,20,22,49,27,21,19,22,19
2017/05/27/11:47:06.254153,117887,1495856826,253931045,0,20,22,36,22,21,18,23,19
2017/05/27/11:47:06.276538,117888,1495856826,276365041,0,20,21,35,21,20,19,22,18
2017/05/27/11:47:06.299161,117889,1495856826,298898935,0,19,21,35,21,17,19,20,16
2017/05/27/11:47:06.321470,117890,1495856826,321341991,0,18,24,34,20,18,20,20,16
2017/05/27/11:47:06.336535,117891,1495856826,336373090,0,18,23,33,20,18,20,19,16
2017/05/27/11:47:06.359210,117892,1495856826,358937978,0,18,23,34,20,23,23,18,17
2017/05/27/11:47:06.381529,117893,1495856826,381365060,0,17,25,48,27,25,23,17,19
2017/05/27/11:47:06.396569,117894,1495856826,396353960,0,17,26,56,31,25,23,17,19
2017/05/27/11:47:06.419093,117895,1495856826,418924093,0,16,23,53,32,24,22,17,20
2017/05/27/11:47:06.441674,117896,1495856826,441450119,0,18,23,54,32,24,22,17,19
2017/05/27/11:47:06.457192,117897,1495856826,456996917,0,18,25,64,42,21,22,17,19
