time,.header.seq,.header.stamp.secs,.header.stamp.nsecs,.header.frame_id,.pose.position.x,.pose.position.y,.pose.position.z,.pose.orientation.x,.pose.orientation.y,.pose.orientation.z,.pose.orientation.w,.twist.linear.x,.twist.linear.y,.twist.linear.z,.twist.angular.x,.twist.angular.y,.twist.angular.z,.wrench.force.x,.wrench.force.y,.wrench.force.z,.wrench.torque.x,.wrench.torque.y,.wrench.torque.z
2017/07/09/09:34:32.900620,245756,1499564075,699756471,,0.813928034322,0.443174224926,0.25442304717,0.657374357269,0.746199344436,0.0567822566948,0.0884379335666,0.106242047406,-0.3993930565,-0.000444619254577,-0.0391143003703,-0.0219478608981,-0.446131126599,4.72894525528,1.66366887093,-0.163977116346,-0.618218660355,1.80199491978,-0.288586556911
2017/07/09/09:34:32.910460,245757,1499564075,709746853,,0.81453513054,0.439360432232,0.254310854865,0.659359755982,0.744510957241,0.0561585082747,0.0882857218752,0.100871022,-0.383814507757,0.0152569105654,-0.0118641405086,-0.0321806225421,-0.450830774564,4.5218000412,1.61457431316,-0.156762868166,-0.592544734478,1.72210252285,-0.314948499203
2017/07/09/09:34:32.920386,245758,1499564075,719763314,,0.815696938817,0.435322885395,0.253717304895,0.661130583277,0.742929847477,0.0558865438354,0.0885341052969,0.0928912115981,-0.396307850038,0.0144146655948,0.00115408674897,-0.0126228679272,-0.507264878546,4.47159957886,1.58728313446,-0.0776150226593,-0.555643379688,1.70746684074,-0.265554726124
2017/07/09/09:34:32.930507,245759,1499564075,729753249,,0.816226441412,0.431636836398,0.253518859348,0.663005657333,0.74131543433,0.0554244407662,0.0883349111849,0.085055775983,-0.394208567083,0.00439886860581,0.00550058011225,0.00946496877358,-0.509687573387,4.41200733185,1.61531507969,-0.192512124777,-0.642956018448,1.6389349699,-0.350372999907
2017/07/09/09:34:32.940311,245760,1499564075,739750839,,0.816947439011,0.42757645725,0.253851201859,0.664515946075,0.73995094782,0.0550219700377,0.0886777032039,0.0745139353578,-0.380328437601,-0.00332156881664,0.0125108379778,0.0275033326219,-0.50382860891,4.96880817413,1.83035588264,-0.252394556999,-0.734950184822,1.79398286343,-0.367334872484
2017/07/09/09:34:32.950259,245761,1499564075,749753498,,0.817773121458,0.424124523787,0.253732285764,0.66657675185,0.738123977254,0.0550224284443,0.0884361943064,0.086087394522,-0.399776317848,-0.00200561934228,-0.0171275253625,0.00983334523368,-0.488871434481,5.03763437271,1.74642467499,-0.298742353916,-0.658516585827,1.81743252277,-0.326461791992
2017/07/09/09:34:32.960428,245762,1499564075,759769316,,0.818333092927,0.420038583241,0.253173819418,0.667913542517,0.736958190996,0.0541116872646,0.0886343598591,0.0805207362065,-0.42585520682,-0.00899672241963,-0.043960440584,0.0293833078544,-0.499978049223,5.14337587357,1.662576437,-0.377457022667,-0.610206544399,1.80381965637,-0.335644721985
2017/07/09/09:34:32.970330,245763,1499564075,769746386,,0.819351133671,0.416792101293,0.253936303218,0.669646464212,0.735346042613,0.0546706452664,0.0886054802376,0.0908312141816,-0.406587789451,0.00996096949195,-0.0206533101827,-0.0166529173307,-0.470590440324,4.80255651474,1.47927999496,-0.525050163269,-0.542235195637,1.66002905369,-0.306123673916
2017/07/09/09:34:32.980451,245764,1499564075,779748544,,0.820405366155,0.412697112532,0.254635146293,0.671022313656,0.733966133884,0.0545068541082,0.0897316652144,0.0791390163087,-0.417150710739,0.000991739360748,-0.0193868794448,0.0100239446437,-0.488686742091,4.82817363739,1.37755119801,-0.415828168392,-0.533231973648,1.65791666508,-0.340616226196
2017/07/09/09:34:32.990217,245765,1499564075,789745252,,0.821021013309,0.408757289011,0.253859124813,0.672763103184,0.732456716653,0.0535412085262,0.0896119646821,0.0782449540837,-0.393079249438,0.0118388968633,-0.0144044946336,-0.0157893528181,-0.455471746911,4.21443557739,1.14384031296,-0.283227473497,-0.349362671375,1.49205863476,-0.236796468496
2017/07/09/09:34:33.000329,245766,1499564075,799756868,,0.821901063764,0.405019096949,0.254011392997,0.674322953505,0.731001864191,0.0538196197525,0.0896006554377,0.0791709308683,-0.405349482359,-0.00720153086492,-0.0322956501579,0.00131658910624,-0.453114990224,4.34731769562,1.22824585438,-0.348258793354,-0.466068416834,1.56187081337,-0.333639800549
2017/07/09/09:34:33.010524,245767,1499564075,809756533,,0.822877416191,0.400685234998,0.254193143094,0.676300014543,0.729148424079,0.053711948007,0.089865970392,0.0785033433477,-0.387247923157,-0.00991149599698,0.00655093198957,-0.000725859482514,-0.476677376702,4.54698133469,1.29194176197,-0.0573445484042,-0.444015234709,1.72444033623,-0.304572999477
2017/07/09/09:34:33.020476,245768,1499564075,819756317,,0.823489980292,0.39748516284,0.253735963949,0.678216110747,0.727401411339,0.0536824660996,0.089600707245,0.0791763150753,-0.397127178122,0.00498297263246,0.0246532420075,-0.0157925341118,-0.52377211467,4.14500808716,1.32484316826,-0.174086079001,-0.514059662819,1.58079576492,-0.343612074852
2017/07/09/09:34:33.030127,245769,1499564075,829749588,,0.823908216711,0.393783259515,0.253477807081,0.679672241756,0.726049758274,0.0529688692198,0.0899538281057,0.0830032572945,-0.406119361877,0.00828357091061,-0.0069851869765,-0.0394536738933,-0.528440749924,4.2620382309,1.57138955593,-0.0957759395242,-0.61349093914,1.65547060966,-0.402653992176
2017/07/09/09:34:33.040371,245770,1499564075,839749458,,0.825265042636,0.389511316962,0.254655071959,0.682159467549,0.723561183834,0.0536696967815,0.090759229451,0.0812635285686,-0.409480266555,0.00192828666382,-0.0279849586355,-0.0309018849819,-0.518458594398,4.19501161575,1.33883070946,-0.180885285139,-0.514950692654,1.66535174847,-0.330679416656
2017/07/09/09:34:33.050549,245771,1499564075,849745844,,0.82620411205,0.385274901369,0.254506044961,0.684022779965,0.721794784011,0.0534383325534,0.0909366311145,0.0756092538939,-0.396562519393,0.0149994462075,0.00610256699789,-0.0337994807005,-0.526407662509,3.64084911346,1.16788780689,-0.215527698398,-0.405323505402,1.50231635571,-0.305275082588
2017/07/09/09:34:33.060373,245772,1499564075,859744563,,0.826232532232,0.381234310874,0.25397212033,0.685950271841,0.720071423626,0.0526449438859,0.0905421411387,0.0789799083599,-0.412013925642,0.0180939513018,0.00706234568341,-0.0400295626115,-0.538114095404,3.6137342453,1.16014742851,-0.202150940895,-0.428548455238,1.48518002033,-0.315196096897
2017/07/09/09:34:33.070270,245773,1499564075,869744559,,0.826925043977,0.377753578541,0.25391541299,0.687306924194,0.718750600896,0.0522768279073,0.090960974768,0.0758981541491,-0.420128747538,0.0130827316824,0.00349849730802,-0.0320630866023,-0.56184898002,3.54130363464,1.09782230854,-0.299947321415,-0.442569106817,1.4398624897,-0.361467659473
2017/07/09/09:34:33.080310,245774,1499564075,879753783,,0.827747864675,0.373572174359,0.254328563863,0.689369777213,0.716730108061,0.0523403516831,0.0912565068874,0.0728595647489,-0.417250696958,0.00664142848064,-0.0240952688776,-0.0294079827731,-0.539562732184,3.75364255905,1.15361154079,-0.325801849365,-0.439935863018,1.51883077621,-0.351145803928
2017/07/09/09:34:33.090175,245775,1499564075,889750281,,0.828702818748,0.370121537453,0.254581078924,0.690889947957,0.715195649167,0.0526810307642,0.0916022500889,0.0593683475068,-0.413984947139,-0.0102303249083,0.00723175769073,0.0117845461189,-0.524023252641,3.04262518883,0.952920258045,-0.499824941158,-0.340646922588,1.22900831699,-0.332593142986
2017/07/09/09:34:33.100445,245776,1499564075,899746417,,0.828705891533,0.365530265387,0.253978069319,0.69302444247,0.713258098701,0.0517801477259,0.0910978763693,0.0568249855819,-0.406581100561,0.0149354315739,0.00413312574627,-0.0106760843432,-0.529619770039,3.29602408409,1.00875389576,-0.41648709774,-0.344374358654,1.33298528194,-0.323407769203
2017/07/09/09:34:33.110090,245777,1499564075,909747142,,0.829509022156,0.361056405304,0.254207384698,0.694776581175,0.711482131849,0.0514858823121,0.0918034979353,0.0527014770635,-0.403018269456,-0.0007564283873,0.000140328305197,0.0029345637751,-0.517194973281,3.6363286972,1.01313531399,-0.249628216028,-0.327819705009,1.49030482769,-0.320402890444
2017/07/09/09:34:33.120424,245778,1499564075,919752797,,0.829998338917,0.356908810885,0.253973118614,0.696998183149,0.709336087888,0.0512173805436,0.0917203741655,0.0556734329211,-0.433583603392,-0.00190168571185,-0.0083134788428,0.00138681622884,-0.547975380491,2.97435760498,0.825287461281,-0.50685274601,-0.284740775824,1.23073637486,-0.310827493668
2017/07/09/09:34:33.130223,245779,1499564075,929746651,,0.830282533423,0.352571918456,0.253878683382,0.698791744763,0.707580609123,0.0506150656562,0.0919668101634,0.061292176088,-0.431090821536,-0.000858301881061,-0.00437603314625,-0.0171296895635,-0.53685779495,3.16400003433,0.842468202114,-0.495890796185,-0.321552306414,1.30671572685,-0.331849038601
2017/07/09/09:34:33.140268,245780,1499564075,939751218,,0.83135169344,0.349764665112,0.254488877619,0.700142475583,0.706148366565,0.0515435310134,0.0921860222175,0.0559401648461,-0.415846208663,0.0201996937925,0.000739744532265,-0.0336882498694,-0.497171367791,3.28700733185,0.989262342453,-0.166085332632,-0.376773774624,1.43995738029,-0.361158251762
2017/07/09/09:34:33.150117,245781,1499564075,949745615,,0.83206979667,0.345690493897,0.255063298411,0.701724380336,0.704495216265,0.0516977974101,0.0927185097248,0.0562287349607,-0.431372435254,-0.0035861421049,0.00177938781349,-0.012067778739,-0.527865097984,3.31372952461,0.914317548275,-0.341605186462,-0.326444774866,1.44580888748,-0.340331614017
2017/07/09/09:34:33.160310,245782,1499564075,959761987,,0.832522657097,0.340510151178,0.254364596787,0.703937650328,0.7023291961,0.0509627538835,0.0927808303079,0.0605633857926,-0.421577147215,0.0108622262269,0.0216778587224,-0.0421663952876,-0.530109210756,3.40742564201,1.02986431122,-0.242358788848,-0.384024441242,1.48312294483,-0.341390490532
2017/07/09/09:34:33.170213,245783,1499564075,969754144,,0.83262929065,0.337324356562,0.25396309893,0.705634799118,0.700698159979,0.0507431976283,0.0923403853689,0.057021240825,-0.433929934064,-0.00399530055144,-0.0075198755675,-0.0278402607404,-0.542472789812,3.17253994942,0.696893453598,-0.357586950064,-0.209744080901,1.3592158556,-0.301029294729
2017/07/09/09:34:33.180411,245784,1499564075,979754695,,0.833287498825,0.332981867395,0.254160682415,0.706995918332,0.699242248182,0.0505527244294,0.0930670289137,0.0439819803768,-0.442066193743,-0.00418542523724,0.00348818188893,0.00368160403423,-0.560325642549,3.55833935738,0.784427702427,-0.193982750177,-0.280698657036,1.5477565527,-0.335733681917
2017/07/09/09:34:33.190166,245785,1499564075,989749879,,0.833581019521,0.328683419151,0.25452073642,0.70917438125,0.6970386166,0.0502965299456,0.093161810968,0.0512000781855,-0.433943790154,0.0108097899041,0.000740240302543,-0.035897672887,-0.521335742558,3.54314684868,0.83008825779,-0.226084336638,-0.282044887543,1.52709519863,-0.334060847759
2017/07/09/09:34:33.200325,245786,1499564075,999751180,,0.833834507671,0.324516297484,0.254416509971,0.710743257413,0.695437763918,0.0497688060337,0.0934526859164,0.0376133725037,-0.449147767572,-0.000154816444892,-0.0300884700022,-0.00089270496287,-0.532580576853,3.67728304863,0.896940767765,-0.155595541,-0.35809224844,1.62785184383,-0.347512543201
2017/07/09/09:34:33.210241,245787,1499564076,9764228,,0.834523066123,0.321239177564,0.25492070418,0.712601073653,0.693491129282,0.0503194419993,0.0934757572449,0.0404314735389,-0.437404149556,0.00919243114874,-0.0217998985642,-0.023495260443,-0.544221889769,3.54300451279,0.971321821213,-0.0829450339079,-0.379966884851,1.59993052483,-0.328924894333
2017/07/09/09:34:33.220423,245788,1499564076,19753083,,0.835169892004,0.31618997762,0.254719521556,0.714242073372,0.691758436898,0.0499699765501,0.0939762047,0.03872509083,-0.417345103073,0.00555441582788,0.023934909649,-0.0177783241876,-0.529665981883,2.96678709984,0.676470518112,-0.209937468171,-0.217297166586,1.35935711861,-0.251605659723
2017/07/09/09:34:33.230436,245789,1499564076,29751820,,0.835244695073,0.31174445642,0.254293584656,0.716140802038,0.689868857081,0.0491838936882,0.0938309985487,0.0304250679998,-0.448408967751,-0.00756645703198,-0.00339838221134,0.0145223355284,-0.550284182634,2.78939557076,0.672249317169,-0.288649559021,-0.242698609829,1.24856209755,-0.311022788286
2017/07/09/09:34:33.240240,245790,1499564076,39752785,,0.835662333439,0.307208322603,0.254838788827,0.718175757081,0.687673003912,0.0490219214867,0.0944789545067,0.0207082616827,-0.466356067202,-0.00707575068967,-0.0172069763742,0.0310193622687,-0.574805141361,2.83060526848,0.62538933754,-0.411681830883,-0.227118611336,1.21374154091,-0.313106715679
2017/07/09/09:34:33.250684,245791,1499564076,49751513,,0.835511423368,0.303066851312,0.254216664663,0.720442683696,0.685404931413,0.0485572328562,0.0939394200572,0.0153386234848,-0.438209179462,-0.00477393435432,0.0113769928049,0.02888937302,-0.547171614832,2.6300945282,0.649452328682,-0.339207351208,-0.225998163223,1.12928974628,-0.319316625595
2017/07/09/09:34:33.260372,245792,1499564076,59745532,,0.835528604447,0.298722700795,0.254459518778,0.721759574288,0.684024211251,0.047941822315,0.0942102808569,0.0137743032501,-0.461247656856,-0.00522615524862,-0.00413861234973,0.022619741617,-0.586560657255,2.74333405495,0.666964292526,-0.149764925241,-0.273733258247,1.18666279316,-0.32853269577
2017/07/09/09:34:33.270444,245793,1499564076,69747654,,0.835583625876,0.294936287298,0.253839484836,0.723436608744,0.682333654634,0.0477716962252,0.0936916320799,0.0143962546669,-0.443661057768,-0.00125588123045,-0.0134808222545,0.0112014869886,-0.51859845113,3.05718660355,0.710667729378,-0.0293547362089,-0.351204156876,1.31546771526,-0.312706410885
2017/07/09/09:34:33.280214,245794,1499564076,79749837,,0.836417494206,0.290843933679,0.254746595307,0.72515082111,0.680380599625,0.0485660552076,0.0942330333739,0.00901036859743,-0.426604102916,-0.00931515349418,0.0035508419998,0.0250467379488,-0.477482651176,3.73850989342,0.855572640896,0.172157198191,-0.412140846252,1.62294316292,-0.350771576166
2017/07/09/09:34:33.290249,245795,1499564076,89746627,,0.836714707846,0.285533819822,0.255183367027,0.727047977804,0.67828882145,0.0480665650782,0.0949479751623,0.0247672938512,-0.449107175733,-0.00307259835349,0.0202667608821,-0.0147920278073,-0.520663060469,3.42621350288,0.748594880104,0.107315853238,-0.404820203781,1.49683713913,-0.331559479237
2017/07/09/09:34:33.300387,245796,1499564076,99756670,,0.83639707873,0.282100976459,0.254327235507,0.728265717391,0.677108192974,0.0474174657163,0.0943669636316,0.00967589687365,-0.446795451013,-0.0014435520985,0.00450809588243,0.0162399735712,-0.500064036545,3.30175876617,0.322139889002,0.165362328291,-0.222046732903,1.46312892437,-0.304783284664
2017/07/09/09:34:33.310494,245797,1499564076,109748557,,0.836516665008,0.277930614982,0.254481914757,0.729726010213,0.675532931381,0.0471086674346,0.0945303236609,0.015894346316,-0.470331617393,-0.00898392266187,-0.0184530883299,0.00549722391977,-0.528221028337,3.3398911953,0.59217852354,0.119801931083,-0.334316581488,1.44460868835,-0.361255347729
2017/07/09/09:34:33.320525,245798,1499564076,119754167,,0.836577320805,0.273129951456,0.254084385595,0.731716606969,0.673384440146,0.0465242016121,0.0947612870334,-0.00430071131522,-0.457800871079,-0.0153267265021,-0.0297259114572,0.0432899279916,-0.53203649726,3.00774788857,0.559826135635,0.0212892517447,-0.327874839306,1.29773938656,-0.362187892199
2017/07/09/09:34:33.330104,245799,1499564076,129746341,,0.836706723185,0.268825901574,0.254259217862,0.733353994278,0.671560024185,0.0463604454474,0.0951302375212,-0.000849658531424,-0.433471791748,0.00085575365289,-0.0270722260493,0.0158954632857,-0.461103590638,3.058604002,0.738087534904,0.200184881687,-0.39794754982,1.35341346264,-0.364427745342
2017/07/09/09:34:33.340379,245800,1499564076,139755218,,0.836476204775,0.26485099232,0.254615446483,0.734781116678,0.670053987796,0.0461281060964,0.0948502073866,0.00218882100228,-0.447118264002,-0.0116721706667,-0.0230179813134,0.0197713425945,-0.459822153472,3.09179568291,0.768065094948,0.0459299981594,-0.398575305939,1.3317476511,-0.38036736846
2017/07/09/09:34:33.350215,245801,1499564076,149755323,,0.836830828677,0.261098914255,0.254295456575,0.736030440185,0.668656275461,0.0459850136613,0.09509655581,-0.0017958484003,-0.437550368813,0.00946197646084,-0.00727638162805,0.00979905508374,-0.452756885846,3.24543833733,0.674370706081,0.193150490522,-0.371180564165,1.40074157715,-0.384794682264
2017/07/09/09:34:33.360400,245802,1499564076,159752281,,0.836796576479,0.256258381413,0.254672722221,0.737730965613,0.666726379591,0.045576452851,0.0956647483595,0.00576889646488,-0.429579145794,0.0122355053408,-0.0146192667395,-0.0195053021861,-0.446973221766,3.33540081978,0.394724190235,0.20559668541,-0.185156017542,1.46504056454,-0.317928910255
2017/07/09/09:34:33.370402,245803,1499564076,169747504,,0.836620366794,0.252452304307,0.25397827963,0.738917049299,0.665498846846,0.0452093473838,0.0952312659298,-0.00605621829159,-0.432608461549,-0.00255236931431,-0.0260781656568,0.0122775487107,-0.453831997445,2.84090971947,0.24692928791,0.0354845076799,-0.20513869822,1.2546954155,-0.34705978632
2017/07/09/09:34:33.380340,245804,1499564076,179753537,,0.836505526874,0.248729259104,0.254245845974,0.740048530092,0.664221113671,0.0447976826016,0.0955596823758,-0.00461991667632,-0.450414379715,0.0121291194432,-0.0286004217274,-0.00674355765848,-0.45342804366,1.623442173,-2.64829683304,0.212203606963,0.312088787556,0.800545752048,-0.192971721292
2017/07/09/09:34:33.390083,245805,1499564076,189750520,,0.83714758525,0.244848538306,0.254806583218,0.741145500181,0.662898803414,0.0454981329683,0.0959085183402,-0.00419498327744,-0.412719777247,0.00649702999481,0.0117036566174,-0.00478973257363,-0.412540289221,1.68978691101,-1.88763701916,0.361505448818,0.175499916077,0.820478379726,-0.185204416513
2017/07/09/09:34:33.400369,245806,1499564076,199745846,,0.836854966422,0.239868182375,0.25498004909,0.743032919898,0.66076787457,0.0448705824331,0.0963043442187,-0.00544425501935,-0.385644278252,-0.00702027795083,0.0178122645872,0.00318021457818,-0.336148660564,0.937743842602,-2.28118085861,0.877439677715,0.351375460625,0.556863903999,-0.0537846386433
2017/07/09/09:34:33.410233,245807,1499564076,209748014,,0.837003367577,0.237182707275,0.254860627786,0.743307027286,0.660471727642,0.0452522369897,0.0960416327508,-0.00332821493025,-0.393265424535,0.0142845023324,0.00640943272124,-0.0160191068722,-0.318621565999,-0.363496661186,-2.2314620018,0.225003182888,0.539221048355,0.0611349642277,0.0740853697062
2017/07/09/09:34:33.420418,245808,1499564076,219753606,,0.836263995015,0.232584332409,0.254449586955,0.744420290998,0.65933370685,0.0441651347425,0.0957441080941,-0.00902120296642,-0.402880578899,0.00631803451688,-0.0084097491132,0.00583460245205,-0.283248570646,-1.18602645397,-2.52329182625,0.184424966574,0.650011301041,-0.219216629863,0.10004465282
2017/07/09/09:34:33.430423,245809,1499564076,229747136,,0.83656996239,0.229159688121,0.255065554598,0.744933953861,0.658626770599,0.044206326378,0.0965918326935,-0.0193209373267,-0.395926814573,-0.0151236617551,-0.0334085488108,0.0390196128372,-0.258880468795,-0.173803448677,0.0848058909178,0.587530195713,-0.681205630302,0.170194789767,-0.377660989761
2017/07/09/09:34:33.440673,245810,1499564076,239754358,,0.835988478322,0.225907693614,0.254195032671,0.745890950692,0.657688286138,0.043663102146,0.0958454039745,-0.0206090264148,-0.380930638388,-0.00883800648424,-0.0520561593158,0.0335742684174,-0.252121698186,0.245200544596,3.06079697609,0.428112059832,-1.99268758297,0.34446528554,-0.768659234047
2017/07/09/09:34:33.450437,245811,1499564076,249746411,,0.835831641093,0.222781923656,0.253698334523,0.746626824208,0.656929049644,0.0432502316869,0.0955093009421,-0.0158627276083,-0.313000931442,-0.000550170827199,-0.00140972367306,0.0184262376346,-0.19076139893,-0.309964060783,3.21838665009,0.580278515816,-2.26135635376,0.0886708050966,-0.792478561401
2017/07/09/09:34:33.460532,245812,1499564076,259753605,,0.835944563198,0.220217349341,0.254510342074,0.747301715896,0.656093520375,0.0439091279353,0.0956735408818,-0.0190636635632,-0.334627539865,-0.0114182496173,0.0167372482691,0.0361252883079,-0.240967198658,-0.631905198097,3.40077733994,0.768112778664,-1.94400203228,-0.0589713938534,-0.646680057049
2017/07/09/09:34:33.470437,245813,1499564076,269748675,,0.83545098269,0.2162082112,0.254247082588,0.748036495079,0.655292875256,0.0428169713368,0.0959132766295,-0.0153995240008,-0.37930566075,-0.00411997227687,-0.0135917323041,0.0106996007779,-0.29138892967,-2.07616901398,0.582159936428,0.992606520653,-0.722100973129,-0.559869885445,-0.229379728436
2017/07/09/09:34:33.480365,245814,1499564076,279746898,,0.835532830357,0.211176558195,0.255152190006,0.748514215204,0.654569622345,0.0424137509759,0.0972941563945,-0.0313983386672,-0.390193669768,0.0127112181756,-0.0899335644963,0.0207575822577,-0.23760153974,-2.62348532677,-2.27505993843,1.27555024624,0.280375242233,-0.765742957592,0.0659809410572
2017/07/09/09:34:33.490620,245815,1499564076,289753455,,0.834812424737,0.20909256358,0.254508689419,0.748333682453,0.654887387621,0.0415401606003,0.0969207114076,-0.0378926585429,-0.399206752803,0.0152060874418,-0.139149680357,0.0352471254929,-0.167884287637,-2.3565454483,-0.710719764233,0.951831042767,0.00299547612667,-0.662505507469,-0.0582567751408
2017/07/09/09:34:33.500329,245816,1499564076,299750163,,0.834829950043,0.204700505384,0.254679559352,0.749240189146,0.653788569415,0.0411838237661,0.0974860919823,-0.0426706110086,-0.35886205912,0.00558646809325,-0.144419706775,0.063721145829,-0.0872491513358,-1.68353307247,-1.42838084698,1.49953341484,-0.0730946362019,-0.510740399361,-0.185317784548
2017/07/09/09:34:33.510622,245817,1499564076,309747745,,0.834107968669,0.202017597459,0.254309966754,0.749609190429,0.653504279514,0.0405085884203,0.0968363183207,-0.0405178589224,-0.353721673396,0.0064124023726,-0.0977534283709,0.0600510603913,-0.110651973159,-3.48042583466,-0.783749938011,0.797727167606,-0.174947872758,-1.26707291603,-0.107094533741
2017/07/09/09:34:33.520574,245818,1499564076,319750852,,0.834076642944,0.199167801122,0.254854702721,0.749916639105,0.65311409701,0.0409538530897,0.0969009421946,-0.0433751156727,-0.299793628159,-0.00113870195085,-0.0117614535406,0.0751881611941,-0.0892103745383,-3.88013386726,-0.420747250319,1.16614878178,-0.351274371147,-1.44675433636,-0.138072431087
2017/07/09/09:34:33.530446,245819,1499564076,329752616,,0.833459537824,0.197048896183,0.254540282709,0.749843550798,0.653285051017,0.0403993826382,0.0965462652163,-0.0278399274421,-0.302690797798,0.00441293831586,0.0134374661561,0.029504337874,-0.107582369983,-4.44960737228,0.645036041737,0.752217769623,-0.391292631626,-1.62342810631,-0.0201368033886
2017/07/09/09:34:33.540389,245820,1499564076,339754283,,0.833189328401,0.193494927251,0.254108635287,0.750439986483,0.652634015469,0.0398044088268,0.0965622989497,-0.0290675292557,-0.299897465573,-0.00265729579274,-0.0184728275102,0.0377250429123,-0.0782764982583,-5.32219409943,-0.301558405161,0.904050707817,-0.174307405949,-1.98190522194,0.0855953395367
2017/07/09/09:34:33.550408,245821,1499564076,349745969,,0.833374985861,0.190650302946,0.254723298679,0.750323008949,0.652641902114,0.0397949383937,0.0974181334512,-0.0344888342473,-0.30775089767,-0.0189078710321,-0.0885858470787,0.0685102635559,-0.060329328765,-5.10856342316,-0.347768574953,1.1948788166,-0.170304238796,-1.89179027081,0.0786566585302
2017/07/09/09:34:33.560321,245822,1499564076,359747562,,0.832614839326,0.187164120133,0.254183302772,0.750668106844,0.652295240131,0.0386324536416,0.0975492008993,-0.016683374729,-0.33352752148,0.0160064980122,-0.141287466602,-0.00173337285107,-0.0678813347814,-6.55116176605,-0.0682398974895,0.473278641701,-0.255228221416,-2.43313479424,0.0831707790494
2017/07/09/09:34:33.570237,245823,1499564076,369749286,,0.832600257738,0.183859331628,0.254435034272,0.750693563413,0.65221147221,0.0381908904041,0.0980858055947,-0.0220268890708,-0.339729506832,0.00432008002825,-0.166732839457,0.0166068874069,-0.0414685870198,-6.85560083389,-0.48450756073,0.795899689198,-0.155209779739,-2.56100583076,0.136979937553
2017/07/09/09:34:33.580435,245824,1499564076,379746458,,0.832265748695,0.182106932079,0.254152194094,0.750300668061,0.652693536648,0.037858594315,0.0980141906099,-0.0305368725979,-0.309636487981,0.0056386796519,-0.14163424623,0.0353715244654,-0.00643037209582,-6.72648429871,0.507595896721,0.398104935884,-0.30854049325,-2.5461101532,0.126051664352
2017/07/09/09:34:33.590216,245825,1499564076,389746616,,0.83220396983,0.178370726718,0.254938707636,0.750221709219,0.652645624491,0.037044350066,0.0992410800932,-0.0460627384214,-0.307120740878,-0.0137263789894,-0.153984793561,0.093431286298,0.00111094097457,-6.80896806717,0.0222623944283,1.16330039501,-0.300663620234,-2.6557059288,0.107658103108
2017/07/09/09:34:33.600433,245826,1499564076,399752949,,0.831254661634,0.175179629772,0.254324598999,0.750322605524,0.652632451804,0.035754425349,0.0990378289309,-0.0364987337924,-0.317950770313,-0.00763118314102,-0.157607807797,0.069780274612,-0.0115434395091,-7.88776111603,0.127755358815,0.390089392662,-0.428325146437,-2.98260545731,0.12193646282
2017/07/09/09:34:33.610622,245827,1499564076,409747709,,0.831467302279,0.171354272886,0.254764647268,0.750609747164,0.652153103286,0.0352030691204,0.100210185412,-0.0356177198085,-0.302739992984,-0.00241295174628,-0.184749488123,0.0636183773939,0.0294850605286,-7.75217866898,-0.408575594425,0.94059497118,-0.305078327656,-2.98953914642,0.152391657233
2017/07/09/09:34:33.620187,245828,1499564076,419761809,,0.831031580671,0.169764932872,0.255301092924,0.750110020484,0.652699124929,0.0348812189131,0.100509253575,-0.0404912541093,-0.315677362089,0.0035891804096,-0.202164969208,0.0594338974919,0.0113098703883,-8.39254379272,0.278218865395,1.06078934669,-0.432742118835,-3.22122311592,0.16013354063
2017/07/09/09:34:33.630281,245829,1499564076,429747489,,0.830139378479,0.166654135056,0.254193561106,0.749884171829,0.653056095308,0.0331922435067,0.100447698788,-0.0437411702827,-0.333795210854,0.00472098225041,-0.220850935288,0.0645003005214,-0.00258862063489,-8.64995479584,0.581277608871,0.622552335262,-0.422591656446,-3.34871768951,0.173715412617
2017/07/09/09:34:33.640310,245830,1499564076,439751301,,0.830188152501,0.164054512976,0.254179480625,0.749462166144,0.653422238603,0.0327014059014,0.101372864566,-0.0315739403333,-0.293948237379,-0.00134050328465,-0.176181075697,0.0472712734055,0.013317987052,-8.86980438232,0.593407392502,0.649360477924,-0.238160073757,-3.41039681435,0.243560343981
2017/07/09/09:34:33.650329,245831,1499564076,449747198,,0.829855361735,0.161434936942,0.2540756467,0.749554175313,0.653307654328,0.0319683518788,0.101664504846,-0.0302611452286,-0.281263759757,-0.0108442025053,-0.167786813672,0.0500583813805,-0.0098959237775,-8.7533121109,0.643224298954,0.579818546772,-0.156714946032,-3.37316703796,0.240228533745
2017/07/09/09:34:33.660576,245832,1499564076,459754175,,0.82902730621,0.158720471359,0.253594378869,0.750036860344,0.652838441065,0.0309514618581,0.101433155337,-0.0386994592583,-0.266223659772,-0.0176650761034,-0.124190689322,0.0753647762422,-0.0513314728799,-10.1120061874,0.24704939127,-0.00573914125562,0.0636443793774,-3.88049030304,0.387635022402
2017/07/09/09:34:33.670354,245833,1499564076,469745599,,0.829300746163,0.156457250117,0.253880368083,0.750672617158,0.652015793039,0.0311120500919,0.101970916523,-0.0398483459074,-0.257380501316,-0.0107844475826,-0.108090381606,0.0579799108891,-0.120145839179,-10.0004205704,0.200247019529,0.358528375626,0.106994241476,-3.93507146835,0.456380188465
2017/07/09/09:34:33.680465,245834,1499564076,479754744,,0.828443513356,0.154423313177,0.252935670367,0.751647975202,0.651033938205,0.0302747953346,0.10130927622,-0.0333553715011,-0.233350856424,-0.0118302448031,-0.0562755745425,0.0353837284495,-0.187463618729,-10.8050050735,0.0146383717656,-0.504019618034,0.139584645629,-4.25152015686,0.50823700428
2017/07/09/09:34:33.690462,245835,1499564076,489746063,,0.828268432639,0.15173899893,0.253256983831,0.752520341909,0.649974322764,0.0304029704395,0.101598101106,-0.0370216471505,-0.249533596835,-0.0288242627217,-0.0274525408641,0.0361209151952,-0.260796091204,-10.1721429825,-0.262457311153,0.101289227605,0.173644259572,-3.95727658272,0.485080003738
2017/07/09/09:34:33.700417,245836,1499564076,499753490,,0.827976439648,0.149025193278,0.253494413338,0.753235539546,0.649082587137,0.0298313246108,0.102167064713,-0.0328941489015,-0.251981050272,-0.0195887814489,-0.0273661034642,0.0215517891679,-0.288042415012,-9.3158197403,-0.0379357486963,0.441588073969,0.170705780387,-3.63710856438,0.427829563618
2017/07/09/09:34:33.710538,245837,1499564076,509747936,,0.827823411112,0.147361404832,0.252697612938,0.753370588844,0.648990940547,0.0297151549527,0.101786661797,-0.0314999052336,-0.233428632919,-0.0342932565202,-0.00962910805581,0.037369458979,-0.237337428638,-11.0091428757,0.548884987831,-0.00829072389752,0.0669267326593,-4.29616928101,0.554893672466
2017/07/09/09:34:33.720333,245838,1499564076,519754958,,0.827484075692,0.144736916899,0.252861519822,0.753823315168,0.648425199371,0.0291426526827,0.102205068974,-0.0417923176164,-0.237186020211,-0.0402867341313,-0.0315687512146,0.073556143574,-0.130169177862,-11.5588979721,0.492197722197,0.112661406398,-0.0828750580549,-4.47417497635,0.513126850128
2017/07/09/09:34:33.730299,245839,1499564076,529747637,,0.826824102683,0.142765148756,0.25226642984,0.754177893547,0.648093654022,0.0285493364009,0.101859000058,-0.0365466204516,-0.216801920835,-0.0225466753158,-0.0369498381729,0.0636006211245,-0.0660867137454,-10.8803787231,0.548935472965,-0.413111060858,-0.105083823204,-4.30567073822,0.487312555313
2017/07/09/09:34:33.741097,245840,1499564076,539751200,,0.826322307777,0.140447159616,0.251736300287,0.754621792516,0.647659183748,0.0278810792786,0.101519344878,-0.043698193057,-0.20900121384,-0.039157103687,-0.0525217692557,0.0935961319679,-0.0625958898045,-10.8800172806,0.379462867975,-0.884319484234,-0.0755769908428,-4.34310913086,0.480917602777
2017/07/09/09:34:33.750276,245841,1499564076,549746412,,0.826395414556,0.138284597725,0.251692472172,0.754924201583,0.647235921125,0.0277798841105,0.101997011276,-0.0478609584314,-0.235790677238,-0.0528842545431,-0.0665822939875,0.112674857012,-0.118919989843,-10.7837495804,0.464794069529,-0.868343830109,-0.0606813319027,-4.36015129089,0.476239353418
2017/07/09/09:34:33.760353,245842,1499564076,559752055,,0.825610636922,0.135722719154,0.250775972557,0.755359740041,0.646798151597,0.0264881272121,0.1018930485,-0.0485089661465,-0.24244862116,-0.0323190165167,-0.0815172398847,0.0889684508143,-0.135386292888,-11.6357002258,0.811551451683,-1.59691607952,0.0317436419427,-4.67539453506,0.592266917229
2017/07/09/09:34:33.770895,245843,1499564076,569747325,,0.826044901563,0.134173532397,0.251650467228,0.755440892456,0.646570091743,0.0271227524803,0.10256963862,-0.0278652868629,-0.234767837921,-0.0231028588031,-0.10072666023,0.0355407409766,-0.13199919615,-12.5870361328,0.459303170443,-1.02043926716,0.174086973071,-5.060338974,0.651479125023
2017/07/09/09:34:33.780280,245844,1499564076,579751667,,0.825459104495,0.131412884152,0.250712377596,0.756318253928,0.645586006789,0.0262004314822,0.102542401004,-0.0249699900151,-0.237906342416,-0.0205435315661,-0.0877069241435,0.019232041738,-0.169365493567,-12.8065347672,0.299220025539,-1.42809617519,0.259470075369,-5.11886167526,0.703040003777
2017/07/09/09:34:33.790148,245845,1499564076,589745823,,0.825162795195,0.129411008525,0.250734276012,0.756980017668,0.644768786239,0.0257462550415,0.102915477425,-0.0318758232574,-0.258671904919,-0.0285096261928,-0.0871545765394,0.0315258345007,-0.227010349747,-13.1508798599,0.73960006237,-1.24091076851,0.103864513338,-5.24017524719,0.722831904888
2017/07/09/09:34:33.800300,245846,1499564076,599748245,,0.824441597417,0.126996868251,0.249469253117,0.757670097884,0.644042204154,0.024333339665,0.102730475623,-0.0384612963077,-0.220922892189,-0.0389382174907,-0.0910551459242,0.062835558764,-0.230385185792,-13.2833280563,0.802267730236,-1.99224901199,-0.00985313765705,-5.32487678528,0.725634515285
2017/07/09/09:34:33.810222,245847,1499564076,609749263,,0.823638136385,0.12390993486,0.249284652088,0.758796676358,0.642716797525,0.0234353576572,0.102924759598,-0.0467605568867,-0.260017206009,-0.0401571942998,-0.149277282115,0.0770653092318,-0.254058858756,-13.6349124908,0.759522140026,-2.04665517807,-0.1281812042,-5.43329715729,0.698426246643
2017/07/09/09:34:33.820526,245848,1499564076,619761706,,0.823938162523,0.122267285117,0.249300925182,0.758923130374,0.642457506425,0.0230184684831,0.103702385369,-0.0555673459514,-0.292427102816,-0.0438548872803,-0.179516036925,0.0954969753372,-0.278682908607,-12.4131660461,1.40120124817,-1.09891521931,-0.266128838062,-5.03101921082,0.552474558353
2017/07/09/09:34:33.830361,245849,1499564076,629750521,,0.823295694635,0.119040894366,0.24896830524,0.759294509518,0.641931158921,0.0215009854957,0.104565494523,-0.0547741428204,-0.255232735825,-0.0357926032567,-0.174880630761,0.103717436788,-0.217319086053,-12.4334840775,0.898036599159,-1.12001788616,-0.206279948354,-5.02113342285,0.589394509792
2017/07/09/09:34:33.840466,245850,1499564076,639750772,,0.821898198344,0.116332553667,0.248122834393,0.759515415827,0.641791321007,0.0196657155955,0.104180099015,-0.0537631996891,-0.27494796716,-0.0309949300875,-0.234741306471,0.108267215607,-0.135831783089,-12.7057199478,0.676205277443,-1.17730736732,-0.113046601415,-5.11818790436,0.617436289787
2017/07/09/09:34:33.852350,245851,1499564076,649897960,,0.822033411832,0.113938947763,0.24766553818,0.759010578623,0.642229071692,0.0186134088783,0.105348478972,-0.0450720693024,-0.283694756823,-0.0324227530015,-0.285421562604,0.109481071502,-0.0273391625191,-11.8634090424,0.823973655701,-1.53326904774,-0.132571652532,-4.91540431976,0.615815937519
2017/07/09/09:34:33.859395,245852,1499564076,658866629,,0.821794892261,0.110622005051,0.247911617425,0.759050931654,0.642033273167,0.0173744253628,0.106456980259,-0.0410291237553,-0.279224213842,-0.0381261933229,-0.311977743036,0.119375927611,0.0559827613725,-12.4911623001,0.317166447639,-1.72335827351,-0.0514135286212,-5.18707323074,0.679199874401
2017/07/09/09:34:33.869365,245853,1499564076,668864813,,0.821263860423,0.108646185357,0.246985146043,0.758480357819,0.642668430628,0.0158213301654,0.106932317795,-0.0426901141891,-0.285046101981,-0.0449316733106,-0.319142786717,0.128700914241,0.050499157975,-12.3183364868,0.693348109722,-1.96455490589,-0.0859249681234,-5.17671346664,0.722134411335
2017/07/09/09:34:33.879365,245854,1499564076,678866444,,0.820709394873,0.105139754073,0.247155792421,0.759060279928,0.641841800572,0.0143834477724,0.107980141244,-0.0509860518008,-0.300711909007,-0.0358618412678,-0.339680028107,0.124163934588,-0.0242868916666,-12.4307203293,0.00398586690426,-1.27565670013,0.0715092942119,-5.15165662766,0.753031373024
2017/07/09/09:34:33.889433,245855,1499564076,688869869,,0.820415320703,0.102445671285,0.246946841903,0.759406787101,0.641262598344,0.0128770657337,0.109168644064,-0.047159652724,-0.316719752774,-0.031793371711,-0.346303821891,0.0930888663627,-0.143508815233,-11.8411598206,0.444733858109,-1.21482753754,-0.00513722375035,-4.9170384407,0.707969784737
2017/07/09/09:34:33.899397,245856,1499564076,698867662,,0.819865762008,0.0992946748463,0.245955826541,0.759816080834,0.640708626609,0.0114931109418,0.109726421138,-0.0388007857998,-0.289057307331,-0.0366379491273,-0.310796428599,0.0867240105167,-0.158314706485,-11.9790153503,0.649336397648,-1.49979889393,-0.178831905127,-4.92879629135,0.693164765835
2017/07/09/09:34:33.909456,245857,1499564076,708873260,,0.81930457143,0.0965290138374,0.245909477161,0.759846060449,0.64050760812,0.00949754071891,0.110877252313,-0.0380290127908,-0.318511528049,-0.036820528747,-0.354092860572,0.0833869773617,-0.161710335811,-12.8130903244,0.914382755756,-1.58823430538,-0.297704219818,-5.24875211716,0.684233605862
2017/07/09/09:34:33.919500,245858,1499564076,718872794,,0.819511604447,0.0928150016263,0.245931060057,0.760539568742,0.639379343918,0.00846813198275,0.112702749257,-0.0365775807906,-0.301066568218,-0.0349374845528,-0.372943145609,0.0890964999952,-0.15006401092,-13.1667098999,0.726260244846,-1.7903277874,-0.341946095228,-5.40771150589,0.686648488045
2017/07/09/09:34:33.929639,245859,1499564076,728874330,,0.819385401003,0.0904748025029,0.245773864166,0.76069849538,0.639017439268,0.00739770298092,0.113753177668,-0.0395159655988,-0.316218928021,-0.0383255832017,-0.394394084353,0.0902403913,-0.172800111053,-13.1344394684,1.26696133614,-1.32970309258,-0.32464838028,-5.34766197205,0.700572133064
2017/07/09/09:34:33.939463,245860,1499564076,738864014,,0.819052356679,0.0872923352591,0.245179081279,0.760881621548,0.63858891867,0.00558442120612,0.115031148745,-0.0381874989274,-0.296470469462,-0.0368348145721,-0.364930747597,0.0789749550812,-0.178106591684,-12.6106100082,0.905806481838,-1.33313083649,-0.297906756401,-5.13101434708,0.656777322292
2017/07/09/09:34:33.949446,245861,1499564076,748873281,,0.818584591983,0.0851032860704,0.245029317531,0.760893175373,0.638394578377,0.00376309681258,0.116102442148,-0.039973019031,-0.29992791668,-0.0331187591939,-0.406475813814,0.095705072545,-0.150494466682,-11.9870967865,1.23383140564,-1.13986754417,-0.1976583004,-4.92459249496,0.712352454662
2017/07/09/09:34:33.959422,245862,1499564076,758888032,,0.817777041791,0.0819162524652,0.244047820512,0.761634835579,0.637472433086,0.00215083525933,0.116347102222,-0.0395231631515,-0.332475590614,-0.0290447921075,-0.432524751691,0.0908920951249,-0.178695880528,-13.048614502,1.04899358749,-1.9366106987,-0.382204264402,-5.27851629257,0.701383531094
2017/07/09/09:34:33.969375,245863,1499564076,768865236,,0.818256852239,0.079390628633,0.244411628782,0.76153908629,0.637241333505,0.00111042633206,0.118239037033,-0.0376305419651,-0.306088341827,-0.0282788393132,-0.395992350379,0.0945635378899,-0.182422368868,-12.6983985901,1.32963144779,-1.55382680893,-0.341085374355,-5.207883358,0.775562644005
2017/07/09/09:34:33.979347,245864,1499564076,778873762,,0.817546177618,0.0760202078948,0.243763071722,0.761924727593,0.636571058779,-0.00117155131914,0.119359222832,-0.0230290844083,-0.294857486731,-0.0209832198666,-0.386893721253,0.0639274878976,-0.160049106698,-12.9541425705,1.02970731258,-2.1689786911,-0.302455961704,-5.1722369194,0.801971375942
2017/07/09/09:34:33.989547,245865,1499564076,788873061,,0.817018310788,0.0735016587234,0.243278486838,0.762236484938,0.636039334281,-0.00297683954606,0.120169233595,-0.0339327130643,-0.301803717246,-0.0471881653207,-0.387183691432,0.100392986107,-0.171453617335,-11.4745178223,1.69807958603,-1.52401864529,-0.427256017923,-4.57658481598,0.667106509209
2017/07/09/09:34:33.999500,245866,1499564076,798873299,,0.817092833489,0.0696669610404,0.243567494338,0.763060959649,0.634703917499,-0.00412392300703,0.121950408893,-0.0295156270369,-0.296615288348,-0.0405190000279,-0.401433892444,0.098320377909,-0.156963971154,-10.5578994751,0.460744261742,-0.572489380836,-0.213107734919,-4.1493844986,0.607042372227
2017/07/09/09:34:34.009253,245867,1499564076,808867380,,0.816749291817,0.0671294825624,0.243385740641,0.76309327117,0.634441433968,-0.00573974041199,0.123043820405,-0.039766367556,-0.32228137174,-0.0200769778915,-0.436479314696,0.103041639571,-0.182697406149,-10.7850856781,1.38261771202,-0.981619000435,-0.419465631247,-4.26891613007,0.591418921947
2017/07/09/09:34:34.019435,245868,1499564076,818871393,,0.815969799271,0.0641867580699,0.242922406762,0.763510829211,0.633758725175,-0.00784293582905,0.123853059304,-0.0383900629261,-0.310085146698,-0.0193701388102,-0.415599793833,0.109833081318,-0.184676680083,-11.1415805817,1.26695013046,-1.3276951313,-0.329347014427,-4.48197460175,0.689664363861
2017/07/09/09:34:34.029401,245869,1499564076,828872588,,0.815505806815,0.0613292798534,0.24261354009,0.763570808621,0.633413555226,-0.00999551636189,0.125087880825,-0.0512442749268,-0.304819756696,-0.0376850640238,-0.40740973367,0.152180544146,-0.173466030837,-11.8312015533,1.05858337879,-1.68523907661,-0.349180281162,-4.72827672958,0.777918577194
2017/07/09/09:34:34.039485,245870,1499564076,838873083,,0.815438179045,0.0591207467885,0.242054810055,0.763925666746,0.632864776626,-0.0110168839654,0.125612015591,-0.050162635265,-0.297052153143,-0.0299354046592,-0.394689221317,0.146340203288,-0.181834665873,-10.0445632935,1.07932138443,-1.58344578743,-0.28261590004,-4.16110086441,0.71217083931
2017/07/09/09:34:34.049250,245871,1499564076,848867406,,0.814785414237,0.0555836949368,0.241714872168,0.764041002262,0.632435736591,-0.013412643769,0.126832515282,-0.0431117488139,-0.309439074931,-0.0310392855193,-0.380886128229,0.130944123011,-0.19912864131,-8.90074539185,0.892505645752,-1.40481984615,-0.263721078634,-3.65323114395,0.594317555428
2017/07/09/09:34:34.059414,245872,1499564076,858873248,,0.813904348991,0.0529911726565,0.240932478375,0.764778748227,0.631427777358,-0.0156099918149,0.127156424916,-0.0406828003179,-0.289926285486,-0.0235992200061,-0.362618056518,0.12608118765,-0.177314466186,-8.99339389801,0.785304546356,-1.70281291008,-0.279899537563,-3.75112652779,0.649576604366
2017/07/09/09:34:34.069545,245873,1499564076,868866154,,0.813874712303,0.0503678131271,0.241510679405,0.764721029739,0.631146062014,-0.0170062822701,0.128713563553,-0.0557428942301,-0.284003298947,-0.0278739630493,-0.39259814026,0.176609163176,-0.178621392079,-9.99024581909,1.18282532692,-1.48559689522,-0.504383683205,-4.15539169312,0.675139665604
2017/07/09/09:34:34.079365,245874,1499564076,878873376,,0.813328594604,0.0479313259467,0.240946388128,0.765164255458,0.63046414265,-0.0187801310986,0.129174044134,-0.0601606225804,-0.281756053622,-0.0349837837749,-0.347960400017,0.180139898808,-0.199811842905,-10.051035881,1.21079456806,-1.25245165825,-0.484871149063,-4.18568849564,0.690669894218
2017/07/09/09:34:34.089403,245875,1499564076,888871543,,0.812953737184,0.0456593728216,0.240883084996,0.765409192089,0.629959970672,-0.0201317979338,0.129976593003,-0.0491455815771,-0.255689842897,-0.0305037151288,-0.317800130818,0.152326672068,-0.179212955603,-9.39277553558,1.40503430367,-1.231341362,-0.513566255569,-3.85594058037,0.647112488747
2017/07/09/09:34:34.099396,245876,1499564076,898874178,,0.81222092934,0.0426213662434,0.240089909321,0.76610037581,0.629024957021,-0.0219051514958,0.130146002497,-0.0496951515992,-0.248837626763,-0.0189931705065,-0.304882921934,0.147607391177,-0.186006531589,-8.11101436615,1.19124281406,-1.09586513042,-0.476306498051,-3.34512376785,0.500642836094
2017/07/09/09:34:34.109433,245877,1499564076,908873057,,0.812006110013,0.0415173325952,0.240475310882,0.766228986775,0.628758448105,-0.0227634309555,0.130528847284,-0.0507319223589,-0.236982895998,-0.0280058030251,-0.259064530806,0.157702801416,-0.176280582733,-7.23604774475,1.52677845955,-0.999422252178,-0.466182947159,-2.99672245979,0.475346088409
2017/07/09/09:34:34.119678,245878,1499564076,918881043,,0.811926338956,0.0393271679747,0.2400822884,0.767060444698,0.62767812535,-0.023356963955,0.130739807905,-0.0446856112767,-0.242864883989,-0.0253365805095,-0.220181276295,0.128705780345,-0.221332028639,-7.01158666611,1.14591634274,-1.20182406902,-0.407185435295,-2.89469575882,0.438924491405
2017/07/09/09:34:34.129401,245879,1499564076,928872296,,0.810776023773,0.0370562918211,0.239552338334,0.767544105262,0.627053428365,-0.0252298630344,0.130550750535,-0.0559094112487,-0.241418656976,-0.0136651667693,-0.188498813601,0.129581468407,-0.267641242012,-7.5067076683,1.40267896652,-1.34258949757,-0.486466050148,-3.13464260101,0.514518558979
2017/07/09/09:34:34.139663,245880,1499564076,938865418,,0.810312698752,0.0346832662367,0.239162983256,0.768609286633,0.625716580705,-0.0263302225778,0.130480820471,-0.0682854262704,-0.211571493534,-0.0441046557098,-0.108627914868,0.179147508565,-0.267980591811,-6.97599029541,1.23959875107,-1.26373779774,-0.442602872849,-2.94101548195,0.477518886328
2017/07/09/09:34:34.149566,245881,1499564076,948873110,,0.809695096474,0.0333399354258,0.239194001441,0.769000585454,0.625262370945,-0.0270824574795,0.130198339273,-0.0729833777007,-0.183108014593,-0.0438416161324,-0.0680052374267,0.200970068602,-0.235491684922,-6.69841766357,1.09065806866,-1.30996143818,-0.453346580267,-2.84047746658,0.427693367004
2017/07/09/09:34:34.159500,245882,1499564076,958872671,,0.809482156384,0.0323744785229,0.238721307312,0.769412021936,0.624816927584,-0.0277031595907,0.129774737349,-0.0567972567744,-0.178769359123,-0.0230578142629,-0.0414338394984,0.144102601602,-0.24045136695,-6.2339849472,1.73714148998,-0.887055516243,-0.617383003235,-2.70848155022,0.36240068078
2017/07/09/09:34:34.169362,245883,1499564076,968871094,,0.808838021635,0.0300493724001,0.238305492359,0.770514491454,0.623539801078,-0.0281892383449,0.129270653178,-0.0445686946872,-0.164442583553,-0.0219105787844,-0.017674562855,0.115043027764,-0.234131642874,-5.75439119339,1.09785151482,-1.16523551941,-0.407221615314,-2.4932038784,0.326680243015
2017/07/09/09:34:34.179664,245884,1499564076,978919598,,0.807868773672,0.0284457792158,0.238048854069,0.771230432985,0.622739635617,-0.0293876489928,0.128589780142,-0.053360482316,-0.160240117907,-0.035281887911,0.0165968360606,0.138271311809,-0.245527775631,-5.3505153656,1.20437765121,-1.21882426739,-0.354398310184,-2.348498106,0.348562866449
2017/07/09/09:34:34.189386,245885,1499564076,988867498,,0.807681826483,0.0281919157596,0.237724746398,0.771635846447,0.622389498097,-0.0296249609144,0.127795910837,-0.0574864062639,-0.161563110475,-0.0416483072443,0.0193849437683,0.155185668498,-0.248999427206,-3.96082901955,1.72084522247,-0.853121042252,-0.59615623951,-1.85981869698,0.218502700329
2017/07/09/09:34:34.199358,245886,1499564076,998873482,,0.806852007875,0.0260222890343,0.237191820305,0.772582317133,0.621333217644,-0.0303342917256,0.127048914401,-0.0464417872251,-0.165528445994,-0.011599756935,0.00914098746378,0.10539101899,-0.247368234519,-4.44934606552,1.3415915966,-0.999892771244,-0.66825813055,-2.01271939278,0.269344806671
2017/07/09/09:34:34.209780,245887,1499564077,8866435,,0.806210162084,0.0237249628336,0.237214668723,0.772850454426,0.620944938423,-0.0315719577839,0.127014841735,-0.0737486708917,-0.166883679071,-0.0124834873956,0.000101154256069,0.173952769957,-0.219503293335,-4.69685029984,0.94850230217,-0.939088582993,-0.668696820736,-2.09295248985,0.239163100719
2017/07/09/09:34:34.219641,245888,1499564077,18873182,,0.805682620731,0.022235935226,0.23736557988,0.773094123913,0.620635936649,-0.0323779726379,0.12683917612,-0.0635422768404,-0.178698999258,-0.00303155302298,-0.0459968490397,0.172488320003,-0.158569747924,-4.20461416245,1.13207960129,-0.468549489975,-0.637760519981,-1.89227116108,0.15194195509
2017/07/09/09:34:34.229351,245889,1499564077,28863769,,0.805182379703,0.0203626535352,0.237243205089,0.773344804435,0.620333169019,-0.0332758067238,0.126559446722,-0.0659936506258,-0.199853504545,0.000225794230508,-0.0742292938167,0.169591221984,-0.155282813617,-4.91183185577,1.14056146145,-0.764972805977,-0.579966068268,-2.14942789078,0.156461924314
2017/07/09/09:34:34.239404,245890,1499564077,38874097,,0.804528562762,0.0185251572019,0.237164384769,0.773866115017,0.619752671537,-0.0339344666302,0.126040922429,-0.0728023555043,-0.174051273222,-0.0152365560134,-0.0299903210684,0.210269389877,-0.104884448841,-2.96198058128,1.28014206886,-0.94561111927,-0.552312910557,-1.46125268936,-0.0667956918478
2017/07/09/09:34:34.249274,245891,1499564077,48865599,,0.804024960116,0.0170662013099,0.237127256326,0.773921554753,0.61973586366,-0.0346309969251,0.125592915544,-0.0646455286304,-0.141138052576,-0.0214889018699,0.0202258511684,0.21069990513,-0.066581030985,-2.31450009346,0.89004611969,-0.705794453621,-0.510912299156,-1.09435009956,-0.167597010732
2017/07/09/09:34:34.259616,245892,1499564077,58866791,,0.803652336869,0.0160948907513,0.236789645648,0.774036112878,0.619766186993,-0.0350129420198,0.124627698817,-0.0581603538397,-0.153299753041,-0.0211085961215,0.0313658286177,0.181173155371,-0.0688090671502,-2.8657951355,1.35071730614,-0.212076812983,-0.613308668137,-1.26011621952,-0.161849960685
2017/07/09/09:34:34.269479,245893,1499564077,68882203,,0.802598499342,0.0145041997637,0.236992797199,0.773812358903,0.62014303739,-0.0358990193292,0.123888283537,-0.0585452247583,-0.167634862884,-0.0018059966552,0.0174256092668,0.171498670148,-0.041081371747,-3.55863833427,0.952532052994,-0.333099663258,-0.43130338192,-1.37880337238,-0.059680223465
2017/07/09/09:34:34.279376,245894,1499564077,78872745,,0.802209203309,0.0128341207267,0.23703449847,0.773861427324,0.620182072889,-0.0364028749611,0.123237650341,-0.0685877585539,-0.174690390725,0.0103176512128,0.0261340235673,0.181074015718,-0.0250723985688,-3.56775140762,1.5937114954,-0.488012462854,-0.578999698162,-1.40861654282,-0.0461219698191
2017/07/09/09:34:34.289248,245895,1499564077,88867198,,0.801674008816,0.0108956961744,0.236996775583,0.773813704291,0.620238298931,-0.0372417018773,0.123003492767,-0.0678649088498,-0.158443627764,-0.00324655155505,0.0391468415608,0.209697934633,0.0460368225589,-3.87292814255,0.998672604561,-0.711493492126,-0.569163918495,-1.53569996357,-0.0212104618549
2017/07/09/09:34:34.299426,245896,1499564077,98897112,,0.800797342081,0.00958194294367,0.236832348725,0.773326972599,0.621051806761,-0.0378765272501,0.121759662669,-0.0687440048622,-0.170289208789,-0.0217921574436,0.0472561522192,0.221969451022,0.044313013627,-0.839739322662,0.877780616283,-1.23468947411,-0.556897461414,-0.437803268433,-0.276465833187
2017/07/09/09:34:34.309608,245897,1499564077,108885161,,0.800529956837,0.00844748902246,0.236749381162,0.772727206478,0.621955913667,-0.0380574360433,0.120893082453,-0.0611895790369,-0.15825245291,-0.00231737262883,0.0115547167405,0.226457719083,0.14053996605,-0.822958827019,0.826466917992,-0.0640546679497,-0.526803970337,-0.484904110432,-0.282533943653
2017/07/09/09:34:34.319565,245898,1499564077,118875148,,0.799893270652,0.00739494462491,0.236670648883,0.771856423059,0.623161864171,-0.0390063485445,0.119939393022,-0.0642784779567,-0.171181395573,0.0145419559625,0.0100528160918,0.225996447107,0.179832601947,-1.69393599033,1.52078390121,-0.483929485083,-0.671283245087,-0.894106686115,-0.220376491547
2017/07/09/09:34:34.329545,245899,1499564077,128867019,,0.799437101214,0.00528810818413,0.236950214695,0.771007193603,0.624223978347,-0.0397087706994,0.119647590022,-0.0673605422634,-0.163099218797,-0.000353872118374,-0.00143878358172,0.263283786542,0.25337726887,-2.25499010086,1.48365151882,-0.176497548819,-0.720626592636,-1.19560730457,-0.170043006539
2017/07/09/09:34:34.339412,245900,1499564077,138873448,,0.798642846488,0.00330405394404,0.236641063422,0.770346229779,0.625113189992,-0.0406997047229,0.118927372793,-0.067037521769,-0.163128315315,-0.0181846069227,0.0166931891663,0.270189273621,0.262614400397,-2.79839015007,1.10215759277,-0.400296211243,-0.546456336975,-1.30984663963,-0.0589384138584
2017/07/09/09:34:34.349457,245901,1499564077,148867370,,0.798166551546,0.00118924652282,0.237124435005,0.769428098428,0.626296021583,-0.0410945988406,0.11851130176,-0.0524881933718,-0.181725717141,0.00972719325396,-0.00972758003252,0.214212903706,0.314610341158,-3.07228660583,0.579246819019,0.446734964848,-0.362196862698,-1.35244071484,0.048007234931
2017/07/09/09:34:34.359637,245902,1499564077,158867853,,0.797787444901,-0.000349949226778,0.236804032973,0.768345550495,0.627677747844,-0.041797395508,0.117977699696,-0.0422091032174,-0.166231077261,0.00141542676551,-0.00433436952651,0.208351843847,0.354922989883,-1.67341220379,0.500999808311,-0.0795143991709,-0.332465291023,-0.737398862839,-0.0742929875851
2017/07/09/09:34:34.369439,245903,1499564077,168874078,,0.79719057424,-0.00231882215288,0.23677190004,0.766891947705,0.629464950291,-0.0427901164204,0.117556891911,-0.0387148977123,-0.172262379075,0.000655650488514,-0.0143242224866,0.20978710284,0.387603423674,-1.1783438921,0.343129903078,-0.167086139321,-0.332991182804,-0.472051113844,-0.140175923705
2017/07/09/09:34:34.379441,245904,1499564077,178903442,,0.796798273527,-0.00413771927934,0.237047146025,0.765552086692,0.631105304299,-0.0435243469646,0.117225119614,-0.0407896754477,-0.20768566107,0.00570432947882,-0.0373526387576,0.197599127788,0.382877054224,-2.2805891037,0.715793073177,-0.0571445077658,-0.348342955112,-0.868454039097,-0.0312039703131
2017/07/09/09:34:34.389297,245905,1499564077,188886014,,0.79627729281,-0.00619974823269,0.236730257815,0.764121229501,0.632947736024,-0.0441313841334,0.116397298174,-0.0507041428959,-0.193967431525,0.00621796197105,-0.0507565438159,0.247171134026,0.452947081182,-2.3695704937,0.804658174515,-0.130004569888,-0.427758991718,-0.917396306992,-0.0108205676079
2017/07/09/09:34:34.399285,245906,1499564077,198871795,,0.795469134778,-0.00742382470956,0.236095010764,0.762769757342,0.634720017858,-0.0452122829707,0.115189607533,-0.0559984097601,-0.21263821503,0.0182772100649,-0.0468993088186,0.237147048582,0.427451228281,-2.97515511513,1.10242843628,-0.621458053589,-0.475575774908,-1.20279026031,0.0456382334232
2017/07/09/09:34:34.409730,245907,1499564077,208878721,,0.794922564243,-0.00960781868199,0.236778300908,0.76107769092,0.636676659741,-0.0462104412627,0.115187562014,-0.0707920279217,-0.18289296657,-0.0106090512889,0.0182594334404,0.295687917626,0.454594927236,-2.29648184776,0.865140855312,-0.408708274364,-0.487394213676,-1.01213228703,0.02145627141
2017/07/09/09:34:34.419588,245908,1499564077,218880601,,0.794710982962,-0.0115300851475,0.23716767177,0.759334453184,0.638816140752,-0.0464276895991,0.114758860921,-0.0618867278318,-0.190878222451,0.008962976984,-0.0214290312562,0.271352868909,0.502549219781,-2.24975204468,0.336466699839,-0.0177811384201,-0.32026809454,-1.0637294054,0.0451781004667
2017/07/09/09:34:34.429294,245909,1499564077,228872382,,0.793719299059,-0.0122969613624,0.236333122604,0.757661932826,0.641022606023,-0.047501573378,0.113057572236,-0.060756417533,-0.20354353757,0.00757656148008,-0.0225988539439,0.266594517505,0.51727844075,-2.2838807106,0.999976694584,-0.589658141136,-0.459348142147,-1.12280094624,0.0651215016842
2017/07/09/09:34:34.439071,245910,1499564077,238879386,,0.793513253494,-0.0153949346503,0.237231238517,0.756650379758,0.642053574237,-0.0481852287175,0.113690783949,-0.0581560595339,-0.193646254774,0.00300623302953,-0.0148317750174,0.262185595814,0.484844029703,-0.205071181059,0.498977541924,-0.171381160617,-0.29938814044,-0.360136777163,-0.0809094831347
2017/07/09/09:34:34.449320,245911,1499564077,248879309,,0.793305528853,-0.0174049787498,0.236982028302,0.755414077542,0.643568457415,-0.0484620534131,0.113228271433,-0.0494700543252,-0.213472075545,-0.00304669739124,-0.0245240127629,0.214720550814,0.393930108352,-0.926936507225,0.470208913088,-0.518957912922,-0.308828860521,-0.619570374489,-0.0103273764253
2017/07/09/09:34:34.459689,245912,1499564077,258880551,,0.792409221873,-0.0189429679829,0.236690249989,0.754944749423,0.64429347469,-0.0488600087239,0.112058214058,-0.0453785101511,-0.196623179193,-0.0217922514525,0.0124556513259,0.196964180931,0.324983277413,-0.318314373493,-0.00254580378532,-0.0691344439983,-0.0943520069122,-0.263886064291,-0.0389366671443
2017/07/09/09:34:34.469529,245913,1499564077,268875626,,0.792400177769,-0.0205610014162,0.236290249791,0.754005552331,0.645491939616,-0.0488627035344,0.111481922969,-0.0393740470766,-0.202589214071,-0.0116060856584,0.013886706264,0.151815711909,0.246743453256,-0.0150651335716,0.503637254238,-0.069529093802,-0.30052909255,-0.130949854851,-0.144564002752
2017/07/09/09:34:34.479431,245914,1499564077,278880940,,0.79208177462,-0.0228871373676,0.236631685478,0.753108030657,0.64650421069,-0.0493147020823,0.11148389964,-0.0315116045479,-0.203827692231,-0.00255242077279,0.019236621075,0.128905150134,0.267189679355,-0.637117445469,0.0361110121012,0.0484545901418,-0.204396009445,-0.311555922031,-0.072393476963
2017/07/09/09:34:34.489406,245915,1499564077,288873993,,0.790541649583,-0.0249738569215,0.235342371504,0.751909274885,0.648107114376,-0.0508025701365,0.109584257557,-0.0401483639261,-0.22946293092,0.00834239092092,-0.0103044996636,0.145182699305,0.304395316102,-1.16349089146,0.893158018589,-0.941574156284,-0.416906028986,-0.437008947134,-0.034901805222
2017/07/09/09:34:34.501307,245916,1499564077,298879138,,0.79077240283,-0.0267198067834,0.236024394968,0.749548902458,0.650738943758,-0.0513011155208,0.109924817249,-0.0520309094641,-0.200038536085,-0.00594696156908,0.0217911493399,0.22771012698,0.469356904588,-0.618264555931,0.72501373291,-0.459055989981,-0.34654173255,-0.401590645313,-0.0297133922577
2017/07/09/09:34:34.509550,245917,1499564077,308875974,,0.790578351396,-0.029675474573,0.236619922696,0.748311889859,0.652125979755,-0.0514042521716,0.110084626006,-0.0723312482858,-0.19086176403,-0.0379457803528,0.000332478851329,0.32376149414,0.542636485524,0.622740149498,-0.4230504632,0.454948544502,-0.0963596701622,0.0580046288669,-0.102633953094
2017/07/09/09:34:34.519469,245918,1499564077,318879137,,0.789892166581,-0.0311980220551,0.23600719134,0.746495866221,0.65430831373,-0.0522630218394,0.109055622725,-0.0467840810719,-0.186504255738,-0.00554572733279,-0.00266739162949,0.245645396369,0.577237971423,0.350721240044,-0.432076215744,0.424060285091,-0.0892078131437,-0.0757850557566,-0.114717982709
2017/07/09/09:34:34.529697,245919,1499564077,328880861,,0.78924872313,-0.0329079088549,0.235518747,0.74522919617,0.655869643018,-0.0528102577965,0.108071889105,-0.0506635881024,-0.206326307493,0.00835618703381,-0.00875276648973,0.215171452065,0.495715189389,0.156415000558,-0.112745724618,-0.13984388113,-0.0884103626013,-0.241119518876,-0.0095343105495
2017/07/09/09:34:34.539498,245920,1499564077,338880195,,0.789220549519,-0.0350809936744,0.236183943642,0.743679072502,0.657599467461,-0.0528580750356,0.108214608167,-0.0578953861972,-0.209452139366,-0.0228512289947,-0.00936185809249,0.238073324878,0.457306076382,0.0837246328592,-0.022050999105,0.116936787963,-0.156694367528,-0.251680344343,-0.00626771338284
2017/07/09/09:34:34.549141,245921,1499564077,348876833,,0.788503213453,-0.0368686613828,0.235891866122,0.74254804992,0.65896038223,-0.0534504989624,0.107408809569,-0.0521509043664,-0.206994975003,-0.0211658980854,0.0141108822698,0.204690926641,0.41867081228,-0.510168910027,0.0167325083166,0.0912339091301,-0.199039563537,-0.388521999121,0.0658198967576
2017/07/09/09:34:34.559461,245922,1499564077,358873676,,0.788641143236,-0.0385995036524,0.235991983954,0.7413709707,0.660317238568,-0.0532789923749,0.107292018461,-0.0260613390706,-0.198060333741,-0.00227946084792,0.0210959392697,0.125262378488,0.428731946049,0.112246975303,-0.127107724547,0.425400465727,-0.107060074806,-0.0744172185659,0.0106583554298
2017/07/09/09:34:34.569432,245923,1499564077,368874097,,0.788363076688,-0.041106294466,0.235728574985,0.740186525089,0.661648129496,-0.053456763233,0.107182252617,-0.0293550788753,-0.205532276925,-0.0128870620631,0.00947911459114,0.120049405851,0.389029365487,0.330798447132,-0.988185763359,0.4727627635,-0.0171789508313,0.163532316685,-0.0577134862542
2017/07/09/09:34:34.579430,245924,1499564077,378893609,,0.78805878865,-0.0420021680296,0.235290483968,0.738639736074,0.66351281941,-0.053699351617,0.106200086659,-0.0457832417241,-0.214740665479,-0.029910456803,0.021835891559,0.153597359751,0.335176648734,0.796574234962,-0.46219098568,-0.00117937522009,-0.04781024158,0.281762003899,-0.0712351351976
2017/07/09/09:34:34.589132,245925,1499564077,388880054,,0.787747517307,-0.0433807923297,0.235004039839,0.737608835067,0.664759336875,-0.0536784602136,0.105578659672,-0.0324945431345,-0.185668990069,-0.0267534024552,0.0626858696348,0.124453056252,0.307634320754,1.09534621239,0.34853258729,-0.310308039188,-0.245416045189,0.405309706926,-0.153057783842
2017/07/09/09:34:34.599178,245926,1499564077,398874903,,0.78710362407,-0.0456529124188,0.234853588166,0.737102381841,0.665322398207,-0.054320396224,0.105240104915,-0.0336600257391,-0.179537741149,-0.0115594688326,0.0324417862075,0.122416182009,0.290098504286,0.0778554901481,-0.0802780687809,0.00344728305936,-0.33152744174,0.0582270100713,-0.107029363513
2017/07/09/09:34:34.609727,245927,1499564077,408879152,,0.78652082993,-0.0479786919974,0.234452944942,0.736621123723,0.665880458327,-0.0548095853468,0.104825782405,-0.0375877901294,-0.162734360142,-0.0161160958946,0.0449522908992,0.134234705187,0.282922784685,-0.051988042891,-0.747412264347,0.254138618708,-0.158791810274,-0.00410092249513,-0.13464781642
2017/07/09/09:34:34.619549,245928,1499564077,418879177,,0.786437762034,-0.0490789653367,0.234677184748,0.73578278811,0.666892902354,-0.0544591304725,0.104459315617,-0.0414257321964,-0.190295823811,-0.0286381470986,0.0226155863936,0.117888009298,0.204969795956,1.55540621281,-0.540156364441,0.445870220661,-0.1229455024,0.59381878376,-0.24382995069
2017/07/09/09:34:34.629453,245929,1499564077,428872445,,0.785981257367,-0.0508545273059,0.233949109711,0.735355453339,0.667406879548,-0.0550245117276,0.103888004532,-0.0329038209742,-0.165126469505,-0.033491890984,0.0495605628603,0.113110611608,0.217200587141,1.22893428802,-0.606369018555,0.137179896235,-0.105722159147,0.423669815063,-0.170130580664
2017/07/09/09:34:34.639428,245930,1499564077,438873308,,0.785684547318,-0.0526675464994,0.233969456565,0.735286228035,0.667579115586,-0.0544820236078,0.103556730342,-0.0363101861351,-0.183266015035,-0.0229347454196,0.0333671485931,0.0810276387988,0.113749388314,1.58513331413,-0.492490082979,0.299507260323,-0.166838690639,0.49951672554,-0.174879342318
2017/07/09/09:34:34.649373,245931,1499564077,448878283,,0.785667459505,-0.0538551541022,0.233743705879,0.734443397777,0.668514104213,-0.0546790085444,0.103402098405,-0.0155111907689,-0.168404784327,-0.0128523879273,0.00833780216215,0.0422164437562,0.133500147319,0.995871961117,-0.0786811932921,0.26869097352,-0.24561034143,0.31711986661,-0.107566080987
2017/07/09/09:34:34.659615,245932,1499564077,458880203,,0.78576353535,-0.0552908897563,0.233419477097,0.733942074529,0.669062896772,-0.0546783051634,0.103412544419,-0.030033149919,-0.159297023509,-0.0308442472254,0.0427343992646,0.0801467726126,0.131907048507,1.01874911785,-0.382008731365,0.154114320874,-0.228514745831,0.285347342491,-0.132278993726
2017/07/09/09:34:34.669519,245933,1499564077,468873182,,0.785617284011,-0.0565689683709,0.232959122527,0.733750444513,0.669368925836,-0.0543745562393,0.102951124011,-0.03042808964,-0.16059305378,-0.0224342566314,0.0508447411908,0.0551799424124,0.0750512543948,1.03286159039,-0.108254954219,-0.388706624508,-0.306019902229,0.276451408863,-0.165883868933
2017/07/09/09:34:34.679404,245934,1499564077,478872362,,0.784815239274,-0.0581763701702,0.23261401411,0.73383934881,0.669313684317,-0.0549501391769,0.102369352487,-0.0183841081864,-0.135337495547,-0.0277392450744,0.0534397101581,0.0438425906742,0.0907683692736,0.689915895462,-0.31678634882,-0.372885406017,-0.300142079592,0.20345197618,-0.194300159812
2017/07/09/09:34:34.689606,245935,1499564077,488880326,,0.784731153636,-0.0607009775358,0.233028016902,0.733861747625,0.669199382706,-0.0549082108313,0.102976744666,-0.0264876366733,-0.152802879978,-0.0281678021739,0.043871821829,0.039864231166,0.0535023873448,0.510591983795,-0.363796085119,0.335241854191,-0.310991406441,0.119940727949,-0.187354713678
2017/07/09/09:34:34.699517,245936,1499564077,498880675,,0.785007860925,-0.0610890412259,0.2328169274,0.732968887782,0.670296811247,-0.0542605507155,0.102540660284,-0.0307690548647,-0.1579025116,-0.0172813274156,0.0419199889825,0.0407793042805,0.0929227008208,0.443925112486,-0.174894735217,0.519389092922,-0.428376555443,0.153980612755,-0.205728828907
2017/07/09/09:34:34.709770,245937,1499564077,508875880,,0.78434471461,-0.0622739724825,0.232191110508,0.732419732933,0.671016541106,-0.0543402665598,0.101711709264,-0.00312164217788,-0.114497275304,-0.0228806239987,0.0599637222558,0.0154692549917,0.193182145324,-0.0620224364102,-0.35621586442,0.349725037813,-0.393447875977,0.106477603316,-0.18711322546
2017/07/09/09:34:34.719383,245938,1499564077,518872865,,0.78442275797,-0.0625682839961,0.231605214593,0.731637103209,0.67197189722,-0.0543101657796,0.101051098197,-0.00855670540888,-0.11989388266,-0.0280822909789,0.051912227869,0.0332530427205,0.188436278842,0.320067077875,0.0499358475208,0.310451030731,-0.404443114996,0.215128958225,-0.178753465414
2017/07/09/09:34:34.729698,245939,1499564077,528875000,,0.784348575629,-0.0638934593864,0.232088363704,0.732188112425,0.671394323477,-0.0537100851982,0.101219845754,0.000934310922534,-0.117292426337,-0.0149638051736,0.0322762811094,-0.0117373614415,0.101029960512,0.155620604753,-0.121536150575,0.849599063396,-0.392385005951,0.184456095099,-0.228605210781
2017/07/09/09:34:34.739431,245940,1499564077,538881385,,0.784193521123,-0.0648138605486,0.230661811676,0.732088443785,0.671525873647,-0.0540830739746,0.100868888208,-0.00484876379316,-0.113685131542,-0.0292605213857,0.0525123391806,-0.0275795581859,-0.048263820196,0.0281560868025,-0.132719397545,0.11156091094,-0.349012166262,0.0722767785192,-0.15521684289
2017/07/09/09:34:34.749428,245941,1499564077,548873495,,0.784653609313,-0.0659591915899,0.23124734259,0.732335697876,0.671180895069,-0.0536425940312,0.101602676229,0.00682819550926,-0.0993033927498,-0.0320034456069,0.0441233227113,-0.045204154536,-0.0689701579349,-0.0408123135567,-0.337575942278,0.74877345562,-0.293665379286,0.0301049947739,-0.156191408634
2017/07/09/09:34:34.759600,245942,1499564077,558880741,,0.784459032511,-0.0678397098885,0.231077972412,0.732473340561,0.671008684578,-0.0536628730692,0.101737144852,-0.020432791878,-0.125538963821,-0.0201456309798,0.0193072527366,0.00774498874713,-0.0410112834591,-0.208190560341,-0.292302489281,0.319396674633,-0.303243815899,-0.0972885340452,-0.101878255606
2017/07/09/09:34:34.769306,245943,1499564077,568872845,,0.784229017132,-0.0681559839339,0.23081757732,0.731361804795,0.672331590627,-0.0536424087568,0.101008092323,-0.0124546737625,-0.114995076585,-0.0116625766698,-0.00174157603696,0.0291193261441,0.136036925589,-0.335616797209,-0.0798156559467,-0.0165123492479,-0.53174996376,-0.15365588665,-0.129826411605
2017/07/09/09:34:34.779538,245944,1499564077,578880932,,0.784524722426,-0.0676786036033,0.229953285436,0.729226477749,0.674739732845,-0.0536267261549,0.100395275345,-0.00640704997916,-0.0858158851701,-0.0182272038184,0.0367505258422,0.0616623328735,0.313444651526,0.210558876395,0.480855643749,-0.186438649893,-0.567162334919,-0.0633062571287,-0.144581079483
2017/07/09/09:34:34.789276,245945,1499564077,588872806,,0.783567474405,-0.070236422356,0.230177305302,0.729478265494,0.674395730369,-0.0541162340195,0.100614572739,-0.00743734180482,-0.0382146679596,-0.0344753143037,0.0685492223443,0.10952372869,0.401231734844,0.695693790913,-0.772349596024,-0.398237377405,-0.2909245193,0.226919546723,-0.184251874685
2017/07/09/09:34:34.799308,245946,1499564077,598882569,,0.784011480274,-0.0707483021526,0.229948096764,0.72934282007,0.674571050527,-0.0535061776592,0.100747394783,-0.0121560259198,-0.0880573903139,-0.0247969304274,0.0151016686161,0.038957728637,0.178257753258,1.08774757385,-0.839927971363,-0.237559944391,-0.183741271496,0.338389486074,-0.208890467882
2017/07/09/09:34:34.809724,245947,1499564077,608878250,,0.783924443309,-0.0708395473793,0.229295803911,0.729215539695,0.674790634354,-0.0534058046998,0.100250269229,0.00245368868059,-0.0755682983424,-0.0271294017127,0.0280641526958,-0.0252927922863,0.0294042673153,1.44526660442,-0.779758632183,0.276666104794,-0.152016341686,0.534941852093,-0.233396485448
2017/07/09/09:34:34.819505,245948,1499564077,618880700,,0.783393427687,-0.0721531099565,0.228894114653,0.729867804121,0.674147115781,-0.05336357524,0.0998548127501,0.0205854607798,-0.0430103029679,-0.0304712233565,0.0507523148368,-0.065432503669,-0.0242772907201,-0.466126203537,-0.665977239609,0.030623011291,-0.264034301043,-0.0852621048689,-0.102841466665
2017/07/09/09:34:34.831347,245949,1499564077,628874147,,0.784602385702,-0.0717961635518,0.229769108901,0.729870991642,0.674081621882,-0.0521552884265,0.100906533436,0.000786052380573,-0.0587952252593,-0.02848665304,0.0548769587328,-0.0463366195285,-0.0901855448717,-0.301345050335,0.251132756472,0.257557332516,-0.377496421337,-0.0623589977622,-0.101739712059
2017/07/09/09:34:34.839477,245950,1499564077,638893940,,0.783920917628,-0.0721403981227,0.228896960085,0.729605188069,0.674449881998,-0.0527875179858,0.100035514497,0.00524755206888,-0.0466383182832,-0.016926364691,0.0407441272976,-0.0488821970514,-0.0518047473991,-1.81866526604,0.609324336052,0.00277039408684,-0.531815588474,-0.58741235733,-0.00536637753248
2017/07/09/09:34:34.849629,245951,1499564077,648872970,,0.784100837971,-0.0720941628344,0.229085035562,0.729268938078,0.674846246826,-0.052375628582,0.100030758419,0.0025444570862,-0.039690851027,-0.020482354875,0.0313202068062,-0.00995864506706,0.0456100385312,-3.13468503952,1.2176618576,-0.374514579773,-0.780959665775,-1.03051948547,0.0436731427908
2017/07/09/09:34:34.859854,245952,1499564077,658900762,,0.783652659627,-0.0726965429088,0.228100392195,0.729310653268,0.674959027382,-0.052107078207,0.0991016386643,-0.00766436614824,-0.0318457476807,-0.0263577628142,0.0528577247785,0.0248931197577,0.103623829669,-2.53963851929,0.667397618294,-0.767967700958,-0.594493031502,-0.845173239708,0.00485400855541
2017/07/09/09:34:34.869347,245953,1499564077,668872107,,0.783746873058,-0.0734437130123,0.228620870608,0.729333327317,0.674842916405,-0.0520856528077,0.0997347512887,-0.0203494541146,-0.0397900246599,-0.0242776122194,0.0561171870452,0.0322246217489,0.0685019111327,-1.16796088219,0.122465535998,-0.187104821205,-0.34809678793,-0.343618154526,-0.0871780514717
2017/07/09/09:34:34.879439,245954,1499564077,678880110,,0.783710035861,-0.072984014271,0.228168364137,0.729241675432,0.675022363685,-0.0519471496838,0.0992616793075,-0.0150626949407,-0.0283827306696,-0.0144860739812,0.0353982111558,0.0210176015563,0.0143479901158,-1.25534439087,1.14099133015,-0.12272888422,-0.552480697632,-0.429866999388,-0.0604803822935
2017/07/09/09:34:34.889562,245955,1499564077,688880041,,0.783579807563,-0.0730028755192,0.228085613131,0.729261256882,0.67505255409,-0.0517125675894,0.0990347352256,-0.00414017832158,-0.00404090518122,-0.0177211190894,0.0444653793267,0.00216633494783,-0.0150300038584,-1.93584525585,1.0654207468,0.10580727458,-0.578551113605,-0.665483951569,-0.018431968987
2017/07/09/09:34:34.899382,245956,1499564077,698880209,,0.783644152247,-0.0729841028472,0.22808780204,0.729673252549,0.674656668217,-0.0513686200189,0.0988766373918,0.00404211510576,0.00892452036636,-0.0228733191787,0.0594105023143,-0.00624635454199,0.00604842696582,-2.42414951324,0.749509215355,-0.0132271125913,-0.49621167779,-0.820512831211,0.0247765481472
2017/07/09/09:34:34.909697,245957,1499564077,708878976,,0.783560135521,-0.0731709817557,0.227405618847,0.729461923249,0.674970901687,-0.0510609868846,0.0984497842764,-0.0153641118064,-0.0113587760972,-0.0238600825782,0.0590332020391,0.0161363664573,-0.0516412301468,-2.82431221008,0.66820114851,0.159607261419,-0.518164753914,-0.954825937748,0.0458071455359
2017/07/09/09:34:34.919474,245958,1499564077,718879495,,0.783370738358,-0.0740056297989,0.227391156347,0.729756674293,0.674533913987,-0.0517716180685,0.0988882943962,-0.0127871851378,-0.0156307285166,-0.0121614403426,0.0360998242103,0.00540085368328,-0.022411280505,-2.32678031921,0.524073958397,-0.3315282166,-0.411027103662,-0.827399492264,0.0430899932981
2017/07/09/09:34:34.929241,245959,1499564077,728875223,,0.783184965245,-0.0731322523517,0.22676063815,0.729254514054,0.675245705198,-0.0514712933891,0.0978866553741,0.000558594663458,-0.00457266686473,-0.0142650069727,0.0179702180953,-0.00129311021402,-0.00230693968947,-1.9466201067,0.382401287556,-0.0087616071105,-0.244910061359,-0.663358986378,0.0391166433692
2017/07/09/09:34:34.939178,245960,1499564077,738880951,,0.783231739914,-0.0740251280868,0.226720725895,0.729676208691,0.674695338514,-0.0516715181402,0.0984321333297,-0.0102491827411,-0.0216027619681,-0.0132829669914,-0.00101748270282,0.0166164628408,-0.00379779087305,-0.882928550243,0.0655777156353,-0.134092256427,-0.151563256979,-0.185508981347,-0.0990709587932
2017/07/09/09:34:34.949408,245961,1499564077,748880177,,0.783659580039,-0.0737969255476,0.227469659255,0.729349797703,0.674978387582,-0.0514743663532,0.0990123148742,0.00520232098769,-0.0157627761515,0.00540479550346,-0.00452056946508,-0.0309270989916,-0.00253560556938,-1.33973884583,0.392953872681,0.230949357152,-0.201463848352,-0.471391350031,-0.0147711411119
2017/07/09/09:34:34.959749,245962,1499564077,758878296,,0.783358817481,-0.0742133565255,0.22695788187,0.729511417182,0.674835367764,-0.0516605950631,0.0986990452517,0.0103956895351,-0.0210161109514,0.00644539902936,-0.0194364082523,-0.0376377349382,-0.0053215006346,-2.14959764481,0.469266057014,0.0705725550652,-0.204603657126,-0.719641566277,0.0203775241971
2017/07/09/09:34:34.969500,245963,1499564077,768872750,,0.783557778983,-0.0737389574694,0.227505095213,0.729580654272,0.67474872659,-0.0514450230991,0.0988920344417,-0.00251594640937,-0.0111584338474,-0.00926194709557,-0.000907444737643,0.00313282298363,-0.0255616403485,-1.10110390186,1.00082135201,0.309971421957,-0.281589865685,-0.347798079252,-0.0600926280022
2017/07/09/09:34:34.979457,245964,1499564077,778880511,,0.782869491385,-0.0745009356752,0.226538907194,0.729739927502,0.674613118502,-0.0520833661003,0.0983061622184,0.00211592008013,-0.00255183855503,0.0139223920922,0.00247995009389,-0.0204879382282,-0.0163134338091,-2.13927197456,0.967155575752,-0.610161960125,-0.276459515095,-0.766888201237,0.0751948952675
2017/07/09/09:34:34.989505,245965,1499564077,788871868,,0.783491340227,-0.0739545473877,0.227176341532,0.729678234163,0.674687815477,-0.0512566455859,0.0986852700197,-0.0173264713801,-0.0169354600597,-0.00375373228004,0.0142631851073,0.0202226538892,-0.0340842350954,-1.58247411251,0.748081684113,-0.0362806543708,-0.295763015747,-0.598784804344,0.0048029050231
2017/07/09/09:34:34.999866,245966,1499564077,798879123,,0.78251798987,-0.073969779752,0.226721450001,0.729710111176,0.674712466875,-0.0522543830846,0.097753363826,-0.0241112730798,-0.0170293529768,-0.00797767447096,-0.00385290335453,0.0458221965647,-0.0381422296804,-1.17685425282,0.950682222843,-0.000507727265358,-0.279015958309,-0.418847322464,-0.0211399421096
2017/07/09/09:34:35.009523,245967,1499564077,808874188,,0.783000061748,-0.0748852933312,0.227328540606,0.729885530199,0.674430045501,-0.0515259334103,0.0987740083104,-0.0101834341715,0.00212770643215,-0.000251012817965,0.00827852191544,0.0223300100526,-0.00578969280466,-0.735480904579,0.244434803724,0.229724124074,-0.140412166715,-0.312580794096,-0.0612694919109
2017/07/09/09:34:35.019286,245968,1499564077,818891371,,0.782938289242,-0.074545222626,0.227623662156,0.729877240753,0.67445285037,-0.0515377814941,0.0986733152244,-0.00877729331571,0.0108405725213,0.0058070232321,0.0288665001745,0.0121068004539,-0.00665322505137,-1.31132614613,0.285546481609,0.642577826977,-0.135752677917,-0.53510838747,0.0212155282497
2017/07/09/09:34:35.029463,245969,1499564077,828879369,,0.78300266983,-0.073704311729,0.227011551836,0.729608780326,0.674813174343,-0.0516867810922,0.0981156667677,-0.00292077157884,-0.0147036748138,0.0125226492531,-0.0270914765046,-0.00483514482598,-0.0180494348667,-0.884218454361,1.48838567734,-0.28836402297,-0.420295625925,-0.411856144667,-0.0588089637458
2017/07/09/09:34:35.039384,245970,1499564077,838876084,,0.783037511025,-0.0739032127924,0.227139551588,0.730047755052,0.674350179444,-0.0514100902106,0.0981789868129,-0.000321328117751,0.00208315455705,-0.00327540291912,0.00350481972023,0.0108140960234,0.0184686714699,-1.01179516315,0.753150224686,-0.365982323885,-0.243265077472,-0.439506143332,-0.0161154195666
2017/07/09/09:34:35.049575,245971,1499564077,848878726,,0.7831246458,-0.0744145941054,0.227739071106,0.730136730176,0.674168078527,-0.0513611754838,0.0987916332247,0.0110412268055,0.00115437574319,0.00442081960588,0.00143579144777,-0.0259235195321,0.0213978334697,-1.47381460667,0.548971831799,-0.0574491173029,-0.267139196396,-0.590195834637,0.0344674289227
2017/07/09/09:34:35.059618,245972,1499564077,858880523,,0.78328261764,-0.0743218886135,0.227646997001,0.729891727987,0.674412381032,-0.0514891638979,0.0988679509657,0.0185397907067,0.00462347442137,0.00595990445353,0.00686781559696,-0.0474996489758,0.00703611784804,-1.71629524231,0.981196880341,-0.174100756645,-0.354393690825,-0.703352153301,0.0391904637218
2017/07/09/09:34:35.069532,245973,1499564077,868879476,,0.782620311036,-0.0743916748998,0.227302995132,0.730127039552,0.674219093185,-0.0518878437905,0.0982383436736,-0.0068494291998,0.000515683245566,-0.00722288640486,0.0145307653847,0.0082116655461,-0.0292444382346,-1.44128656387,0.214547783136,0.0568795725703,-0.194171950221,-0.579635977745,0.0290267765522
2017/07/09/09:34:35.079617,245974,1499564077,878874820,,0.782861692954,-0.0742485896917,0.227073066737,0.729983444605,0.674402849313,-0.0517021340376,0.0981420235034,-0.0156601998632,-0.00204336409015,0.000612949891951,-0.00381614055951,0.0344014577739,-0.0379088246761,-1.32387816906,0.768775343895,-0.232141911983,-0.32668608427,-0.576541960239,-0.00471417605877
2017/07/09/09:34:35.089363,245975,1499564077,888874133,,0.782365676082,-0.0739785936415,0.226448813238,0.729725641644,0.674742034792,-0.0521057161239,0.0975124031006,-0.0051381048204,0.0225929033128,-0.0119144632392,0.0444835425658,0.0222696027832,0.00532636235248,-1.15282273293,0.16288715601,-0.294438898563,-0.124681577086,-0.518024027348,0.0120814442635
2017/07/09/09:34:35.099497,245976,1499564077,898888119,,0.782682107788,-0.0737938488796,0.22722778329,0.73005569065,0.674366119534,-0.0516504449476,0.0978838950533,-0.0197080990903,0.00879164301335,-0.0143734283085,0.0402139438935,0.0500955955528,0.00717407557571,-0.648153543472,0.470426350832,0.0435996130109,-0.275396704674,-0.40746897459,-0.0323016941547
2017/07/09/09:34:35.109695,245977,1499564077,908879559,,0.783003548521,-0.0734842089567,0.227020940094,0.730011831484,0.674473112382,-0.051189882411,0.0977156205856,-0.0151134951935,0.0166171197822,-0.013432693899,0.0396188908942,0.0420452867361,-0.00168256738876,-0.708530545235,0.533884823322,-0.25981926918,-0.28776243329,-0.549754977226,-0.0032200217247
2017/07/09/09:34:35.119501,245978,1499564077,918880166,,0.782172981123,-0.0737135470938,0.226915533868,0.730037069684,0.674468890577,-0.0519229065033,0.0971679181164,0.00430602542983,0.0267998061545,0.00142576206104,0.0337462973565,0.00635164275477,0.0279545645502,-1.15049266815,0.436335384846,-0.404433429241,-0.365719288588,-0.631131649017,0.000752374529839
2017/07/09/09:34:35.129232,245979,1499564077,928875997,,0.782491839371,-0.0742669373557,0.227269581554,0.729957468608,0.67446098056,-0.0517487532364,0.097910909832,-0.00569284952835,0.0028221127827,-0.00467548909527,-0.000346332522502,0.0189309020605,-0.00131268731565,-1.21758341789,-0.372338980436,0.286193847656,-0.170469731092,-0.666068792343,0.000185407698154
2017/07/09/09:34:35.139353,245980,1499564077,938880803,,0.78252351989,-0.0729816522354,0.226427240827,0.729892207385,0.674712446402,-0.0513733784816,0.0968568854166,-0.00974834013884,-0.00483268923566,-0.0170353232678,4.80434398651e-05,0.0287850660164,-0.0267436224459,-0.945645153522,0.146296903491,-0.0290886312723,-0.232000604272,-0.600385904312,0.0132199078798
2017/07/09/09:34:35.149241,245981,1499564077,948874293,,0.782653375731,-0.0727894732684,0.226416061577,0.729790043367,0.674752038294,-0.0518769592517,0.0970822358605,0.0100275977153,0.0218704897176,-0.00341655581141,0.00985571674087,-0.00317357012172,0.0191979100386,-0.806712567806,0.26029831171,-0.194408386946,-0.262168556452,-0.539388597012,-0.0160896033049
2017/07/09/09:34:35.159802,245982,1499564077,958880545,,0.782619940804,-0.0729494202959,0.226664238549,0.730196511828,0.674318073354,-0.0516341246707,0.0971705059781,-0.00461811093382,0.00254303766964,-0.00579673636132,-0.0236305254585,0.0253214196911,-0.00608618687246,-0.822893738747,0.131464794278,0.203648775816,-0.22283218801,-0.550433397293,-0.00181113928556
2017/07/09/09:34:35.169319,245983,1499564077,968872584,,0.782288155775,-0.0733236057601,0.226486462556,0.730064629436,0.67444423971,-0.0520419345711,0.0970682307178,-0.0034783961375,-0.00315774666521,-0.0133721263891,-0.00423765686851,0.00891348700034,-0.0262602054047,-1.33297026157,0.429642677307,-0.207929104567,-0.294918447733,-0.739948391914,0.029032535851
2017/07/09/09:34:35.179465,245984,1499564077,978881270,,0.782481778586,-0.0722876464753,0.226297842508,0.73014497793,0.674479018226,-0.0515637081939,0.0964756403153,0.0067145276644,0.0017691729503,-0.00231119930627,0.0112514416515,-0.017924587798,-0.00939223464608,-1.64215838909,0.693199038506,-0.0124538615346,-0.310350388288,-0.879872322083,0.0714075788856
2017/07/09/09:34:35.189435,245985,1499564077,988880010,,0.782208938363,-0.0733490377418,0.226222049972,0.73037345583,0.674146598583,-0.0519485333128,0.0968624206049,0.00255028055074,-0.000522485447842,0.000583890578615,0.0178995456817,-0.00783674308211,-0.00947714878664,-2.00270199776,0.111154392362,-0.387387812138,-0.262049257755,-0.946102678776,0.0905513763428
2017/07/09/09:34:35.199484,245986,1499564077,998877279,,0.782372666089,-0.0726679818851,0.225870220945,0.730221479146,0.67442879477,-0.0514093803429,0.0963299942528,0.000819091461438,0.0137791144053,-0.0145708742374,0.0137419421995,0.0178949292244,0.007505825695,-2.05152654648,0.284516781569,-0.705175280571,-0.284575462341,-0.970583498478,0.0979405269027
2017/07/09/09:34:35.214237,245987,1499564078,8874520,,0.782853422351,-0.0727069535549,0.226225498482,0.730117694863,0.674469554505,-0.0512560694612,0.0969112327735,-0.000581761706647,0.00683923496818,-0.00299111442701,0.00449518259475,0.0109980611958,0.0150456713413,-2.30712366104,0.459622204304,-0.0874068215489,-0.393137931824,-1.12628042698,0.109199717641
2017/07/09/09:34:35.219575,245988,1499564078,18885415,,0.78231596228,-0.0727858789073,0.226076376129,0.729744426869,0.674858003944,-0.0519453619743,0.0966510493246,0.00221552859359,-0.00217025214705,-0.00423087524474,0.00481979139106,-0.00468106962363,0.00362666974817,-1.96247971058,0.484204500914,-0.0688472762704,-0.372106999159,-0.890774548054,0.0372645333409
2017/07/09/09:34:35.229439,245989,1499564078,28879334,,0.782772034354,-0.0730165833384,0.226155179866,0.729948547329,0.674614151703,-0.0514707687982,0.0970650530957,0.0068669892746,0.0229590550582,-0.0132596013183,0.0366805631915,0.00169578343143,0.0263463292782,-1.15999805927,0.311605393887,0.136613518,-0.267001450062,-0.66796284914,0.0301567688584
2017/07/09/09:34:35.239495,245990,1499564078,38884919,,0.782996413442,-0.0720990092714,0.225671098936,0.729600922941,0.675070654297,-0.0513823316303,0.0965503026748,0.0161704170478,0.0151162511293,-0.0104585848575,0.00681376128782,-0.011261787395,0.0401533758693,-1.290807724,-0.0226021260023,-0.235701993108,-0.19772669673,-0.691729068756,0.0462284982204
2017/07/09/09:34:35.249506,245991,1499564078,48881379,,0.782607986826,-0.0721501913494,0.226008520535,0.73014413771,0.674512789369,-0.0513618846211,0.0963534740101,0.00872396787041,0.0183383492203,-0.0196328434781,0.0120457919136,0.0104965519975,0.0188895044885,-0.839721083641,-0.283881753683,0.245965540409,-0.164377510548,-0.399301409721,-0.0238038264215
2017/07/09/09:34:35.259683,245992,1499564078,58877832,,0.78292851875,-0.0719190809249,0.225550784847,0.729589134666,0.675144927479,-0.0511032617232,0.096267741835,0.00125827716954,-0.012639482601,0.0112780005988,-0.00129363598919,-0.0235786916357,-0.0271371342555,-1.09375989437,0.444739788771,-0.452482789755,-0.364732980728,-0.587424337864,-0.0105701982975
2017/07/09/09:34:35.269460,245993,1499564078,68880723,,0.782804001439,-0.0724566163475,0.22587334956,0.729889494059,0.674729907391,-0.051462978153,0.096708016286,-0.00278413210451,-0.00186523179832,-0.00644214456121,0.0222012529273,-0.000281241330806,-0.0138511912013,-1.14004838467,-0.0139431804419,-0.279063850641,-0.259890526533,-0.54956805706,-0.0203351974487
2017/07/09/09:34:35.279592,245994,1499564078,78880789,,0.78290429516,-0.0721146359214,0.225803618857,0.730006503265,0.674641480862,-0.0512414307331,0.0965592733348,0.0074884102179,-0.0146697248283,0.0019532316004,-0.00429180759337,-0.025934683559,-0.00510297623999,-1.2421015501,0.380625069141,-0.345104753971,-0.257173657417,-0.619779825211,0.0264851525426
2017/07/09/09:34:35.289441,245995,1499564078,88877810,,0.782662308754,-0.0732122014812,0.225153469151,0.730208885562,0.67442480723,-0.0513545038505,0.0964825257396,0.0127810412903,-0.0104211574344,-0.00984857351395,-0.0110892224293,-0.0249662769411,-0.00890870375172,-1.6643332243,0.365213990211,-0.566430985928,-0.308653205633,-0.753118336201,0.0581454560161
2017/07/09/09:34:35.299222,245996,1499564078,98876923,,0.783084438477,-0.0725690817777,0.22564807702,0.729934841254,0.674678174753,-0.0512919034009,0.0968175019348,-0.00546506541314,-0.0205117445439,-0.0282407963602,-0.00361315405522,0.0134213773799,-0.0157164964004,-1.4464392662,0.678105890751,-0.209773868322,-0.259575247765,-0.668294608593,0.0597919672728
2017/07/09/09:34:35.309764,245997,1499564078,108903584,,0.783020807379,-0.0724409744552,0.225162855638,0.730129503963,0.67452643597,-0.0511440729398,0.0964846020061,-0.0127229122863,0.000335373816351,-0.0220978549538,0.00485313559913,0.0448802375211,-0.00159950469308,-0.852225482464,0.566187262535,-0.109559550881,-0.201463162899,-0.411604255438,-0.013017386198
2017/07/09/09:34:35.319488,245998,1499564078,118876953,,0.782633254683,-0.0727915179689,0.224949917481,0.729928943537,0.674708037649,-0.0517192463985,0.0964257272244,0.00438392747115,0.00394923569959,-0.004328756267,-0.000169267698526,0.000558647350657,0.0134982648216,-2.43759679794,0.521399140358,-0.499173343182,-0.246393352747,-1.01219856739,0.131718665361
2017/07/09/09:34:35.329333,245999,1499564078,128873407,,0.783148518745,-0.0720242871522,0.224921376351,0.729891870553,0.674851221735,-0.0508313265708,0.0961762032026,0.00948614197069,0.0146807924487,-0.00425437899733,-0.00902027428877,0.00134058173355,0.0379371280092,-1.763687253,1.03898966312,-0.0127281993628,-0.411248207092,-0.821402609348,0.0590139329433
2017/07/09/09:34:35.339593,246000,1499564078,138876820,,0.782793013185,-0.0730581062297,0.225233434657,0.73001248346,0.674614952236,-0.0514021215229,0.0966139850862,-0.000710560129719,0.0186595744665,-0.00234374725519,0.0400560843029,0.00350721785973,-0.00484485073539,-2.28656482697,0.397510647774,0.0751250907779,-0.36667779088,-0.947196364403,0.0697193071246
2017/07/09/09:34:35.349582,246001,1499564078,148877422,,0.783071835726,-0.0723120769154,0.224978734681,0.7298542008,0.674838476484,-0.0511534182214,0.096380516886,0.00585892087082,0.0028843270581,0.00867022538493,-0.00187628751997,-0.0166937423237,0.00255816463935,-1.64984333515,0.410518318415,-0.183252543211,-0.275149136782,-0.726110756397,0.0407897904515
2017/07/09/09:34:35.359637,246002,1499564078,158874438,,0.783306756648,-0.0718727893719,0.224865648356,0.729653590792,0.675028421661,-0.0512525954879,0.0965165211239,0.00295681913804,0.0163225104952,-0.0185205555219,0.036568125127,0.00727346776336,-0.00295845877556,-0.737979054451,0.601273596287,-0.0753180831671,-0.240620732307,-0.409847646952,-0.0334424376488
2017/07/09/09:34:35.369217,246003,1499564078,168873862,,0.782895841579,-0.0721937174787,0.224674630362,0.729565490135,0.675170853961,-0.0514757373178,0.0960664459246,0.00418428978843,0.00742047824951,-0.0180742627279,0.00277313884916,0.0125648785621,0.0293509649934,-1.83517861366,0.599648594856,-0.21810464561,-0.344968259335,-0.721327960491,0.0423496961594
2017/07/09/09:34:35.379467,246004,1499564078,178881390,,0.783271166218,-0.0723081104856,0.224537305138,0.729929978544,0.674800694618,-0.0506975455279,0.0963120337433,-0.00165494342288,-0.00856536514216,-0.00949443354886,0.00202320967014,0.00305429466497,0.00222667346281,-0.856526792049,0.200235813856,-0.0248296409845,-0.233806997538,-0.375417888165,-0.0538600757718
2017/07/09/09:34:35.389499,246005,1499564078,188873598,,0.782846428718,-0.0721225626729,0.224655169016,0.729480537724,0.675256274151,-0.0515023259727,0.096096928782,0.00201811333271,0.00259071694601,-0.0108057014864,0.00160910929477,0.00361322227316,0.00517370362272,-1.84723603725,0.60072183609,-0.074761480093,-0.251593887806,-0.755930423737,0.068564273417
2017/07/09/09:34:35.399441,246006,1499564078,198874297,,0.783166462016,-0.0718904361292,0.224197543296,0.729572913327,0.675188451856,-0.0511502400582,0.096060249646,0.00211884335474,0.00307358484237,0.00137602890719,-0.00343928427668,0.000123041494741,-0.00348126446059,-1.508259058,0.457632362843,-0.512229025364,-0.253287017345,-0.649205029011,0.0200403109193
2017/07/09/09:34:35.410039,246007,1499564078,208879835,,0.783279144576,-0.0721636030758,0.224208846671,0.729667292759,0.675046709488,-0.0512769226064,0.0962717980217,0.00280604435279,0.00728330330582,-0.00794800851733,0.00619952475523,0.00762856252878,0.00420075607849,-0.310019642115,-0.054156690836,-0.299987286329,-0.0220148786902,-0.227251127362,-0.0392016209662
2017/07/09/09:34:35.419501,246008,1499564078,218880574,,0.783176304348,-0.0716417041881,0.224008025396,0.729285198319,0.675515853871,-0.0513346895403,0.095844563393,0.00339765882643,0.0180560254994,-0.00588286621398,-0.000366181472999,0.0151934943826,0.0329084722198,-1.50964975357,0.399178922176,-0.519802987576,-0.105280473828,-0.676579117775,0.0762980729342
2017/07/09/09:34:35.429438,246009,1499564078,228879018,,0.783516787952,-0.0715463868558,0.224727663971,0.729366963908,0.675386654394,-0.0509574012867,0.0963329760806,-0.00152511309754,0.00446173865664,-0.000104586959017,0.00124073747818,0.010007741891,0.0208564265302,-0.555805206299,0.391095042229,0.19511757791,-0.155589222908,-0.290518790483,-0.0554371997714
2017/07/09/09:34:35.439348,246010,1499564078,238881141,,0.783506731605,-0.0715513662847,0.224380121563,0.72932736025,0.675412252164,-0.0511788044656,0.0963359807646,0.0086183317414,-0.00532789365242,0.00602011298343,-0.0117734739153,-0.0237613471664,0.00248901769431,-0.215150922537,0.61077517271,-0.191972970963,-0.209281221032,-0.171716272831,-0.0698104724288
2017/07/09/09:34:35.449404,246011,1499564078,248891008,,0.783601398378,-0.0719738360783,0.224372261951,0.729515414156,0.675190272894,-0.0509659951147,0.0965806566562,0.00532521710032,-0.00770166603304,-0.00333648016657,-0.00333171989459,-0.0097985486426,0.00689249714368,-0.863936543465,0.119688257575,-0.520661950111,-0.120595127344,-0.372047960758,-0.0279087871313
2017/07/09/09:34:35.459618,246012,1499564078,258875166,,0.783047914042,-0.0718154205212,0.223425334587,0.729276838599,0.675517188632,-0.0516600696728,0.095723861952,-0.00403403518877,-0.00508882171324,-0.0142672395579,0.0121042849911,0.0103522052244,-0.00977346482175,-1.14445388317,0.200913101435,-0.501199364662,-0.12178902328,-0.445974886417,-0.0113836675882
2017/07/09/09:34:35.469476,246013,1499564078,268882301,,0.782614097297,-0.0723702720396,0.223578986233,0.730029874945,0.674746315059,-0.0514922579079,0.0955109385191,0.0047035002436,-0.0152890508359,-0.00773326497062,-0.00141292544429,-0.0175055715337,-0.0270052256181,-0.695580899715,0.415860444307,-0.213257730007,-0.137716859579,-0.282121956348,-0.0186714343727
2017/07/09/09:34:35.479626,246014,1499564078,278912223,,0.783362145342,-0.0721126010606,0.224071732329,0.729510345193,0.675264789823,-0.0509994982327,0.0960789834572,-0.00174767402353,-0.000612599112531,-0.0152364068305,0.00262267774637,0.0130956916244,-0.00627664037783,-1.28126764297,0.499441564083,-0.140134736896,-0.200691044331,-0.515432417393,0.012093141675
2017/07/09/09:34:35.489449,246015,1499564078,288875353,,0.78371850173,-0.0716248200583,0.224275114418,0.729340342587,0.675389435237,-0.0510412666209,0.0964705371987,-0.00330307613794,-0.00574475757255,0.000834135836826,-0.0113998182356,0.00916346071786,0.00634413515992,-1.46437501907,0.703969717026,-0.34140342474,-0.258185863495,-0.586925804615,-0.0119401142001
2017/07/09/09:34:35.499337,246016,1499564078,298902444,,0.783436060532,-0.072393139857,0.224401913922,0.729625857245,0.67504409031,-0.0511451026112,0.0966734868277,0.0154575253253,0.00955411696748,0.00525208395205,-0.0138727546926,-0.0215100428733,0.0154842481649,-1.18567681313,-0.120798543096,-0.0194785445929,-0.0288088619709,-0.460925281048,0.00903040915728
2017/07/09/09:34:35.509453,246017,1499564078,308873030,,0.782780052872,-0.0721712576248,0.223249939114,0.729557311606,0.675246259224,-0.0517242703941,0.0954631779185,0.000389292882709,-0.00696985394031,-0.00819158927783,-0.009362781194,0.0020289762143,-0.00382498619398,-1.10963904858,0.606633126736,-1.0214035511,-0.153844475746,-0.442437112331,-0.00694420188665
2017/07/09/09:34:35.519396,246018,1499564078,318874569,,0.783103843924,-0.0725092281038,0.224142312883,0.729732209771,0.67495959896,-0.0515493254445,0.0962450457993,-0.00788615795583,-0.00871437684331,-0.0118576882628,0.00109380926244,0.0266854172063,0.016947347603,-1.48758506775,-0.00531652569771,-0.430758118629,-0.0310360826552,-0.54955124855,0.0241260901093
2017/07/09/09:34:35.529476,246019,1499564078,328876361,,0.783207517748,-0.0722882459505,0.224153658283,0.729782422643,0.674920978044,-0.0513933651199,0.0962185585995,-0.0030317483503,-0.00211701313974,-0.0067333227777,0.00754220654725,0.0107221769195,-0.000475742188331,-1.68163442612,0.425436317921,-0.291877627373,-0.200839608908,-0.677513301373,0.0341905280948
2017/07/09/09:34:35.539169,246020,1499564078,338873630,,0.782986007316,-0.0730727517209,0.22369813528,0.730131236287,0.674519869007,-0.0517077401414,0.0962165979619,-0.00178122089465,-0.0115850651854,-0.00292519165579,-0.0134800068831,0.00456551709735,-0.00364732288983,-2.10562825203,0.320076555014,-0.679225444794,-0.170063138008,-0.783433973789,0.0977415144444
2017/07/09/09:34:35.549290,246021,1499564078,348878212,,0.783231794906,-0.0720281142122,0.223696239661,0.729310772526,0.675462467407,-0.0514623640845,0.0959576848685,-0.00363591983279,-0.00100565547272,-0.0149233936046,0.0163196340558,0.0119550749759,-0.0123190031564,-1.68132078648,0.802626252174,-0.40626424551,-0.267568558455,-0.646056473255,0.0132073611021
2017/07/09/09:34:35.559971,246022,1499564078,358873924,,0.783078023298,-0.072456595449,0.223328758559,0.729454415019,0.675307497377,-0.0516700431111,0.0958449114,-0.000965636740226,0.0184546982743,-0.0166963732165,0.0375928785932,0.0172505018379,0.0181635656886,-2.22637653351,0.597041964531,-0.379974037409,-0.216779872775,-0.833064377308,0.108766324818
2017/07/09/09:34:35.569175,246023,1499564078,368873688,,0.782968659815,-0.071698018189,0.223208071397,0.729526068581,0.675291173575,-0.0516467199665,0.0954262147877,0.00217956052773,0.00493674856461,-0.00157084970772,-0.0103670920255,0.00575193368489,0.0183492177955,-1.76799881458,0.792413830757,-0.38329860568,-0.200784176588,-0.682825088501,0.0539344772696
2017/07/09/09:34:35.579484,246024,1499564078,378876904,,0.783135097685,-0.0722798629636,0.223159966298,0.729550633601,0.675230163323,-0.0514832950258,0.0957578711369,-0.00961855660948,0.00768145204204,-0.00957722757823,0.00723190611364,0.0292343829672,-0.00542603398025,-2.02592515945,0.470671355724,-0.467307657003,-0.20512740314,-0.782472550869,0.0665326416492
2017/07/09/09:34:35.589357,246025,1499564078,388880134,,0.783329862435,-0.0715842356405,0.223042804408,0.729160656195,0.675654804551,-0.0515671345617,0.095687790117,-0.00342806256172,0.0166476348696,-0.0177114227508,0.0164743732491,0.0301181094592,0.0130565090941,-1.33690726757,0.584372282028,-0.120093211532,-0.186378479004,-0.554517447948,0.0158597007394
2017/07/09/09:34:35.599379,246026,1499564078,398880596,,0.783349005229,-0.0720102057105,0.222898186831,0.729142585621,0.675676784074,-0.0514609536539,0.0957274440653,-0.00486997034931,0.000737210972846,-0.010073957521,0.000447832879023,0.017657668666,-0.0225102720504,-1.28655862808,0.679121494293,-0.081666238606,-0.225803181529,-0.551797807217,0.0143917128444
2017/07/09/09:34:35.609737,246027,1499564078,408874755,,0.782932750595,-0.0723524025577,0.222579574355,0.72995867758,0.674857209373,-0.0514284995698,0.0953057470225,-0.00609291847294,-0.00383613139482,-0.00944530643804,0.00684141605674,0.0131575637384,-0.025173373175,-1.94950687885,0.63415157795,-0.281106233597,-0.234065651894,-0.764714837074,0.0475671738386
2017/07/09/09:34:35.619312,246028,1499564078,418879809,,0.783275969567,-0.0726581241109,0.223331962833,0.729563359745,0.675186868961,-0.0513198775755,0.0960534552539,0.0106948725035,-0.0206540371788,0.0233195024375,-0.0290778219019,-0.054273033107,-0.0113908159556,-2.33735918999,0.477485716343,-0.13607814908,-0.22121322155,-0.864523768425,0.058181874454
2017/07/09/09:34:35.629476,246029,1499564078,428881338,,0.783993515968,-0.0719732253294,0.223379742456,0.729479270615,0.675254248597,-0.0509953364173,0.0963907109524,0.0186984024826,0.0131274448745,-0.000530644093208,0.00786058244278,-0.0295043444541,0.0275231144104,-1.51221561432,0.611922264099,0.283230066299,-0.108194634318,-0.586524367332,0.0568677037954
2017/07/09/09:34:35.639261,246030,1499564078,438874146,,0.783621277841,-0.0721697463991,0.222945724838,0.729421927735,0.675303106491,-0.0514792127711,0.09622502977,0.011997755888,0.012472063128,-0.00984643553476,0.0167701984677,-0.017898521611,-0.00349653856872,-0.723662078381,0.500970005989,-0.229692086577,-0.146135091782,-0.288359165192,-0.0430135093629
2017/07/09/09:34:35.649379,246031,1499564078,448876145,,0.783447185614,-0.0714878757385,0.222496079606,0.729375384551,0.675482755348,-0.0513828012162,0.0953645813553,0.00226485068625,0.0096685733993,-0.00709541936712,0.00947538703126,0.0107904344018,0.0155831795214,-1.216984272,0.42403370142,-0.130215659738,-0.101040884852,-0.453399509192,0.0142729878426
2017/07/09/09:34:35.659634,246032,1499564078,458908370,,0.78353667851,-0.0723441719564,0.223250351108,0.729756892613,0.674972755637,-0.0512362019184,0.0961327646759,-0.00518115730569,0.0133720095985,-0.0145461248919,0.0194623658658,0.03275703807,-0.00913369037187,-0.872578442097,0.213117152452,-0.402353018522,-0.113907784224,-0.372736692429,-0.0120509341359
